use nomnetwork;
-- Insert statements to add mockaroo data to each table

-- Users
INSERT INTO Users(userId,username,firstName,lastName,email,streetAddress,city,state,zipcode,dob,createdAt,updatedAt) VALUES (5,'sdeye4','Sara-ann','D''eye','sdeye4@sourceforge.net','9 Kennedy Parkway','Watertown','MA',02472,'2009-02-14','2018-12-21 04:23:31','2022-08-04 12:43:25');
INSERT INTO Users(userId,username,firstName,lastName,email,streetAddress,city,state,zipcode,dob,createdAt,updatedAt) VALUES (6,'awallenger5','Adrienne','Wallenger','awallenger5@technorati.com','73524 Burning Wood Place','Newton','MA',02162,'2005-10-07','2014-03-12 18:02:13','2021-08-07 10:20:31');
INSERT INTO Users(userId,username,firstName,lastName,email,streetAddress,city,state,zipcode,dob,createdAt,updatedAt) VALUES (7,'lmcilwraith6','Lyndsie','McIlwraith','lmcilwraith6@a8.net','14 Ryan Point','Boston','MA',02216,'2011-03-16','2015-03-07 13:44:30','2021-10-27 14:49:33');
INSERT INTO Users(userId,username,firstName,lastName,email,streetAddress,city,state,zipcode,dob,createdAt,updatedAt) VALUES (8,'hduckerin7','Haley','Duckerin','hduckerin7@merriam-webster.com','17 Warner Alley','Boston','MA',02124,'2004-01-13','2017-10-05 02:34:55','2022-11-12 05:44:03');
INSERT INTO Users(userId,username,firstName,lastName,email,streetAddress,city,state,zipcode,dob,createdAt,updatedAt) VALUES (9,'ksoutherton8','Kate','Southerton','ksoutherton8@goodreads.com','9061 Fremont Court','Worcester','MA',01605,'2010-07-11','2015-04-11 07:30:03','2023-07-29 08:31:40');
INSERT INTO Users(userId,username,firstName,lastName,email,streetAddress,city,state,zipcode,dob,createdAt,updatedAt) VALUES (10,'dskyrm9','Daune','Skyrm','dskyrm9@studiopress.com','0864 Luster Lane','Brockton','MA',02305,'2007-08-25','2016-07-14 17:46:49','2023-08-08 08:42:49');
INSERT INTO Users(userId,username,firstName,lastName,email,streetAddress,city,state,zipcode,dob,createdAt,updatedAt) VALUES (11,'twozencrafta','Tabbitha','Wozencraft','twozencrafta@paginegialle.it','777 Derek Park','Newton','MA',02162,'2009-08-03','2016-06-24 14:20:32','2021-12-19 15:39:17');
INSERT INTO Users(userId,username,firstName,lastName,email,streetAddress,city,state,zipcode,dob,createdAt,updatedAt) VALUES (12,'scrinionb','Stella','Crinion','scrinionb@bloglines.com','30443 Cordelia Place','Boston','MA',02298,'2004-10-13','2015-02-22 08:52:59','2022-08-29 10:08:41');
INSERT INTO Users(userId,username,firstName,lastName,email,streetAddress,city,state,zipcode,dob,createdAt,updatedAt) VALUES (13,'vdoorec','Vachel','Doore','vdoorec@guardian.co.uk','05 Victoria Drive','Boston','MA',02163,'2006-08-31','2015-01-28 08:07:57','2022-01-20 10:43:10');
INSERT INTO Users(userId,username,firstName,lastName,email,streetAddress,city,state,zipcode,dob,createdAt,updatedAt) VALUES (14,'ngassond','Nadeen','Gasson','ngassond@thetimes.co.uk','99 Kensington Lane','Boston','MA',02104,'2005-09-12','2018-03-04 03:37:45','2023-06-18 14:49:32');
INSERT INTO Users(userId,username,firstName,lastName,email,streetAddress,city,state,zipcode,dob,createdAt,updatedAt) VALUES (15,'wnarramoree','Worthy','Narramore','wnarramoree@domainmarket.com','3 Portage Way','Worcester','MA',01605,'2007-01-21','2020-08-19 16:48:15','2024-04-11 16:02:52');
INSERT INTO Users(userId,username,firstName,lastName,email,streetAddress,city,state,zipcode,dob,createdAt,updatedAt) VALUES (16,'aparkesonf','Aloisia','Parkeson','aparkesonf@rakuten.co.jp','2 Corscot Way','Boston','MA',02114,'2006-06-29','2014-09-09 14:07:12','2021-11-17 09:15:23');
INSERT INTO Users(userId,username,firstName,lastName,email,streetAddress,city,state,zipcode,dob,createdAt,updatedAt) VALUES (17,'emasarratg','Eve','Masarrat','emasarratg@ox.ac.uk','02697 Sachtjen Terrace','Boston','MA',02114,'2005-10-12','2017-06-12 22:56:44','2022-10-05 13:57:07');
INSERT INTO Users(userId,username,firstName,lastName,email,streetAddress,city,state,zipcode,dob,createdAt,updatedAt) VALUES (18,'nhorleyh','Normie','Horley','nhorleyh@webs.com','099 High Crossing Pass','Boston','MA',02124,'2005-05-04','2017-04-03 07:03:10','2024-06-13 14:30:51');
INSERT INTO Users(userId,username,firstName,lastName,email,streetAddress,city,state,zipcode,dob,createdAt,updatedAt) VALUES (19,'epecholdi','Eleanora','Pechold','epecholdi@nytimes.com','217 East Place','Brockton','MA',02405,'2012-11-09','2015-05-26 23:19:08','2024-07-04 22:06:10');
INSERT INTO Users(userId,username,firstName,lastName,email,streetAddress,city,state,zipcode,dob,createdAt,updatedAt) VALUES (20,'adrippsj','Abigael','Dripps','adrippsj@cargocollective.com','24 Vahlen Drive','Boston','MA',02203,'2008-07-21','2016-12-10 17:25:47','2021-05-17 16:39:25');
INSERT INTO Users(userId,username,firstName,lastName,email,streetAddress,city,state,zipcode,dob,createdAt,updatedAt) VALUES (21,'dpollardk','Dorrie','Pollard','dpollardk@deviantart.com','46614 Northview Drive','Worcester','MA',01605,'2013-10-21','2018-12-09 19:41:06','2024-06-06 21:07:04');
INSERT INTO Users(userId,username,firstName,lastName,email,streetAddress,city,state,zipcode,dob,createdAt,updatedAt) VALUES (22,'ttipplerl','Tom','Tippler','ttipplerl@squarespace.com','610 Grayhawk Crossing','Lynn','MA',01905,'2012-03-03','2017-06-02 20:39:38','2024-07-01 23:42:45');
INSERT INTO Users(userId,username,firstName,lastName,email,streetAddress,city,state,zipcode,dob,createdAt,updatedAt) VALUES (23,'aboolerm','Ashlen','Booler','aboolerm@ustream.tv','9 Schmedeman Court','Woburn','MA',01813,'2005-01-02','2020-08-05 04:49:09','2023-08-27 11:47:44');
INSERT INTO Users(userId,username,firstName,lastName,email,streetAddress,city,state,zipcode,dob,createdAt,updatedAt) VALUES (24,'lmacenzyn','Lucio','Macenzy','lmacenzyn@adobe.com','15 Stuart Park','Worcester','MA',01605,'2009-12-01','2018-12-01 12:12:26','2021-03-01 00:43:25');
INSERT INTO Users(userId,username,firstName,lastName,email,streetAddress,city,state,zipcode,dob,createdAt,updatedAt) VALUES (25,'tedbrookeo','Tim','Edbrooke','tedbrookeo@reverbnation.com','8288 Nancy Way','Cambridge','MA',02142,'2009-01-04','2017-02-10 14:42:57','2023-10-13 20:53:20');
INSERT INTO Users(userId,username,firstName,lastName,email,streetAddress,city,state,zipcode,dob,createdAt,updatedAt) VALUES (26,'dgottelierp','Daryl','Gottelier','dgottelierp@devhub.com','6606 Magdeline Trail','Springfield','MA',01114,'2012-11-14','2017-05-22 12:59:00','2021-11-22 23:05:54');
INSERT INTO Users(userId,username,firstName,lastName,email,streetAddress,city,state,zipcode,dob,createdAt,updatedAt) VALUES (27,'mwaldieq','Monty','Waldie','mwaldieq@cmu.edu','4 Sachs Point','Newton','MA',02458,'2005-06-22','2017-06-21 04:50:45','2022-09-12 10:42:23');
INSERT INTO Users(userId,username,firstName,lastName,email,streetAddress,city,state,zipcode,dob,createdAt,updatedAt) VALUES (28,'rschustlr','Rubin','Schustl','rschustlr@csmonitor.com','7091 Bartelt Trail','Boston','MA',02216,'2007-07-16','2020-04-28 13:46:46','2023-12-25 19:18:18');
INSERT INTO Users(userId,username,firstName,lastName,email,streetAddress,city,state,zipcode,dob,createdAt,updatedAt) VALUES (29,'adikess','Anya','Dikes','adikess@pen.io','003 Ruskin Drive','Worcester','MA',01610,'2009-10-30','2015-11-24 03:00:13','2021-05-13 04:51:56');
INSERT INTO Users(userId,username,firstName,lastName,email,streetAddress,city,state,zipcode,dob,createdAt,updatedAt) VALUES (30,'vbuddlet','Vite','Buddle','vbuddlet@soundcloud.com','68 Loomis Place','Brockton','MA',02405,'2004-06-14','2015-09-01 11:39:57','2024-02-26 07:41:51');
INSERT INTO Users(userId,username,firstName,lastName,email,streetAddress,city,state,zipcode,dob,createdAt,updatedAt) VALUES (31,'vclaibournu','Vernice','Claibourn','vclaibournu@google.com.hk','69269 Buena Vista Junction','Boston','MA',02283,'2008-05-31','2016-01-11 15:03:15','2023-04-05 18:00:05');
INSERT INTO Users(userId,username,firstName,lastName,email,streetAddress,city,state,zipcode,dob,createdAt,updatedAt) VALUES (32,'bmarfieldv','Brady','Marfield','bmarfieldv@cam.ac.uk','3 Elmside Center','Boston','MA',02208,'2003-03-22','2014-04-06 10:00:54','2022-10-11 03:47:45');
INSERT INTO Users(userId,username,firstName,lastName,email,streetAddress,city,state,zipcode,dob,createdAt,updatedAt) VALUES (33,'apeppardw','Alicia','Peppard','apeppardw@businessinsider.com','62 Monument Pass','Boston','MA',02208,'2011-06-15','2017-04-23 18:40:41','2022-02-23 18:09:15');
INSERT INTO Users(userId,username,firstName,lastName,email,streetAddress,city,state,zipcode,dob,createdAt,updatedAt) VALUES (34,'csmithsx','Cymbre','Smiths','csmithsx@rediff.com','26277 Service Plaza','Brockton','MA',02405,'2008-03-16','2018-10-01 20:50:28','2021-03-15 23:16:35');
INSERT INTO Users(userId,username,firstName,lastName,email,streetAddress,city,state,zipcode,dob,createdAt,updatedAt) VALUES (35,'clindopy','Chloris','Lindop','clindopy@nature.com','7581 Rowland Street','Boston','MA',02298,'2003-06-09','2017-11-29 18:33:55','2022-09-24 00:00:26');
INSERT INTO Users(userId,username,firstName,lastName,email,streetAddress,city,state,zipcode,dob,createdAt,updatedAt) VALUES (36,'hsherwenz','Hugh','Sherwen','hsherwenz@mlb.com','884 Sutherland Street','New Bedford','MA',02745,'2005-06-26','2018-12-18 15:28:52','2022-07-12 03:42:06');
INSERT INTO Users(userId,username,firstName,lastName,email,streetAddress,city,state,zipcode,dob,createdAt,updatedAt) VALUES (37,'dettritch10','Dill','Ettritch','dettritch10@mashable.com','2710 Johnson Street','Worcester','MA',01654,'2009-06-21','2014-02-20 01:34:37','2023-04-04 07:31:36');
INSERT INTO Users(userId,username,firstName,lastName,email,streetAddress,city,state,zipcode,dob,createdAt,updatedAt) VALUES (38,'khallihan11','Kingsley','Hallihan','khallihan11@goodreads.com','7 Declaration Circle','Boston','MA',02124,'2011-02-07','2018-06-27 04:13:01','2022-10-13 04:58:31');
INSERT INTO Users(userId,username,firstName,lastName,email,streetAddress,city,state,zipcode,dob,createdAt,updatedAt) VALUES (39,'pfradgley12','Parke','Fradgley','pfradgley12@businessinsider.com','45 John Wall Park','Boston','MA',02109,'2013-09-07','2015-12-18 09:02:48','2024-01-06 06:57:07');
INSERT INTO Users(userId,username,firstName,lastName,email,streetAddress,city,state,zipcode,dob,createdAt,updatedAt) VALUES (40,'dglasser13','Dre','Glasser','dglasser13@goodreads.com','75 Lake View Parkway','Boston','MA',02119,'2006-10-07','2019-06-09 04:42:00','2021-12-19 14:41:40');

-- Restaurants

INSERT INTO Restaurants(restId,restName,bio,streetAddress,city,state,zipCode,websiteLink,cName,cEmail,cPhoneNumber,photo) VALUES (4,'McKenzie LLC','In sagittis dui vel nisl. Duis ac nibh. Fusce lacus purus, aliquet at, feugiat non, pretium quis, lectus.

Suspendisse potenti. In eleifend quam a odio. In hac habitasse platea dictumst.','3 Dryden Junction','Springfield','MA',5,'https://sakura.ne.jp/odio/condimentum/id/luctus/nec.xml?potenti=urna&cras=pretium&in=nisl&purus=ut&eu=volutpat&magna=sapien&vulputate=arcu&luctus=sed&cum=augue&sociis=aliquam&natoque=erat&penatibus=volutpat&et=in&magnis=congue&dis=etiam&parturient=justo&montes=etiam&nascetur=pretium&ridiculus=iaculis&mus=justo&vivamus=in&vestibulum=hac&sagittis=habitasse&sapien=platea&cum=dictumst&sociis=etiam&natoque=faucibus&penatibus=cursus&et=urna&magnis=ut&dis=tellus&parturient=nulla&montes=ut&nascetur=erat&ridiculus=id&mus=mauris&etiam=vulputate&vel=elementum&augue=nullam&vestibulum=varius&rutrum=nulla&rutrum=facilisi&neque=cras&aenean=non&auctor=velit&gravida=nec&sem=nisi&praesent=vulputate&id=nonummy&massa=maecenas&id=tincidunt&nisl=lacus&venenatis=at&lacinia=velit&aenean=vivamus&sit=vel&amet=nulla&justo=eget&morbi=eros&ut=elementum&odio=pellentesque&cras=quisque&mi=porta&pede=volutpat&malesuada=erat&in=quisque&imperdiet=erat&et=eros&commodo=viverra&vulputate=eget&justo=congue','Noella Sprason','nsprason3@meetup.com','413-534-1538','http://dummyimage.com/133x100.png/ff4444/ffffff');
INSERT INTO Restaurants(restId,restName,bio,streetAddress,city,state,zipCode,websiteLink,cName,cEmail,cPhoneNumber,photo) VALUES (5,'Ledner, Heidenreich and Wisoky','Duis consequat dui nec nisi volutpat eleifend. Donec ut dolor. Morbi vel lectus in quam fringilla rhoncus.

Mauris enim leo, rhoncus sed, vestibulum sit amet, cursus id, turpis. Integer aliquet, massa id lobortis convallis, tortor risus dapibus augue, vel accumsan tellus nisi eu orci. Mauris lacinia sapien quis libero.','34 Johnson Road','Boston','MA',5,'http://myspace.com/et/magnis/dis.xml?nisl=aenean&duis=sit&bibendum=amet&felis=justo&sed=morbi&interdum=ut&venenatis=odio&turpis=cras&enim=mi&blandit=pede&mi=malesuada&in=in&porttitor=imperdiet&pede=et&justo=commodo&eu=vulputate&massa=justo&donec=in&dapibus=blandit&duis=ultrices&at=enim&velit=lorem&eu=ipsum&est=dolor&congue=sit&elementum=amet&in=consectetuer&hac=adipiscing&habitasse=elit&platea=proin&dictumst=interdum&morbi=mauris&vestibulum=non&velit=ligula&id=pellentesque&pretium=ultrices&iaculis=phasellus&diam=id&erat=sapien&fermentum=in&justo=sapien&nec=iaculis&condimentum=congue&neque=vivamus&sapien=metus&placerat=arcu','Pansie Gilburt','pgilburt4@163.com','781-433-1021','http://dummyimage.com/198x100.png/dddddd/000000');
INSERT INTO Restaurants(restId,restName,bio,streetAddress,city,state,zipCode,websiteLink,cName,cEmail,cPhoneNumber,photo) VALUES (6,'Nolan and Sons','Aenean fermentum. Donec ut mauris eget massa tempor convallis. Nulla neque libero, convallis eget, eleifend luctus, ultricies eu, nibh.

Quisque id justo sit amet sapien dignissim vestibulum. Vestibulum ante ipsum primis in faucibus orci luctus et ultrices posuere cubilia Curae; Nulla dapibus dolor vel est. Donec odio justo, sollicitudin ut, suscipit a, feugiat et, eros.','43913 Tomscot Place','Boston','MA',5,'https://microsoft.com/porttitor/lorem/id/ligula/suspendisse/ornare.html?sed=sollicitudin&justo=mi&pellentesque=sit&viverra=amet&pede=lobortis&ac=sapien&diam=sapien&cras=non&pellentesque=mi&volutpat=integer&dui=ac&maecenas=neque&tristique=duis&est=bibendum&et=morbi&tempus=non&semper=quam&est=nec&quam=dui&pharetra=luctus&magna=rutrum&ac=nulla&consequat=tellus&metus=in&sapien=sagittis&ut=dui&nunc=vel&vestibulum=nisl&ante=duis&ipsum=ac&primis=nibh&in=fusce&faucibus=lacus&orci=purus&luctus=aliquet&et=at&ultrices=feugiat&posuere=non&cubilia=pretium&curae=quis&mauris=lectus&viverra=suspendisse&diam=potenti&vitae=in','Sandi Dunford','sdunford5@acquirethisname.com','617-619-7649','http://dummyimage.com/145x100.png/ff4444/ffffff');
INSERT INTO Restaurants(restId,restName,bio,streetAddress,city,state,zipCode,websiteLink,cName,cEmail,cPhoneNumber,photo) VALUES (7,'Larkin LLC','Aliquam quis turpis eget elit sodales scelerisque. Mauris sit amet eros. Suspendisse accumsan tortor quis turpis.','310 Sachtjen Park','Boston','MA',5,'http://photobucket.com/vel/sem/sed/sagittis/nam/congue.html?placerat=odio&ante=consequat&nulla=varius&justo=integer&aliquam=ac&quis=leo&turpis=pellentesque&eget=ultrices&elit=mattis&sodales=odio&scelerisque=donec&mauris=vitae&sit=nisi&amet=nam&eros=ultrices&suspendisse=libero&accumsan=non&tortor=mattis&quis=pulvinar&turpis=nulla&sed=pede&ante=ullamcorper&vivamus=augue&tortor=a&duis=suscipit&mattis=nulla&egestas=elit&metus=ac&aenean=nulla&fermentum=sed&donec=vel&ut=enim&mauris=sit&eget=amet&massa=nunc&tempor=viverra&convallis=dapibus&nulla=nulla&neque=suscipit&libero=ligula&convallis=in&eget=lacus&eleifend=curabitur&luctus=at&ultricies=ipsum&eu=ac&nibh=tellus&quisque=semper&id=interdum&justo=mauris&sit=ullamcorper&amet=purus&sapien=sit&dignissim=amet&vestibulum=nulla&vestibulum=quisque&ante=arcu&ipsum=libero&primis=rutrum&in=ac&faucibus=lobortis&orci=vel&luctus=dapibus&et=at&ultrices=diam&posuere=nam&cubilia=tristique&curae=tortor','Meta Croysdale','mcroysdale6@sina.com.cn','781-342-1911','http://dummyimage.com/177x100.png/ff4444/ffffff');
INSERT INTO Restaurants(restId,restName,bio,streetAddress,city,state,zipCode,websiteLink,cName,cEmail,cPhoneNumber,photo) VALUES (8,'Runolfsdottir, Hamill and Nader','Duis bibendum. Morbi non quam nec dui luctus rutrum. Nulla tellus.

In sagittis dui vel nisl. Duis ac nibh. Fusce lacus purus, aliquet at, feugiat non, pretium quis, lectus.

Suspendisse potenti. In eleifend quam a odio. In hac habitasse platea dictumst.','182 Sullivan Point','New Bedford','MA',5,'http://columbia.edu/tincidunt.html?ante=nisi&ipsum=venenatis&primis=tristique&in=fusce&faucibus=congue&orci=diam&luctus=id&et=ornare&ultrices=imperdiet&posuere=sapien&cubilia=urna&curae=pretium&mauris=nisl&viverra=ut&diam=volutpat&vitae=sapien&quam=arcu&suspendisse=sed&potenti=augue&nullam=aliquam&porttitor=erat&lacus=volutpat&at=in&turpis=congue&donec=etiam&posuere=justo&metus=etiam&vitae=pretium&ipsum=iaculis&aliquam=justo&non=in&mauris=hac&morbi=habitasse&non=platea&lectus=dictumst&aliquam=etiam&sit=faucibus','Brear Anthonies','banthonies7@psu.edu','508-161-1304','http://dummyimage.com/194x100.png/5fa2dd/ffffff');
INSERT INTO Restaurants(restId,restName,bio,streetAddress,city,state,zipCode,websiteLink,cName,cEmail,cPhoneNumber,photo) VALUES (9,'Mraz Group','Nullam sit amet turpis elementum ligula vehicula consequat. Morbi a ipsum. Integer a nibh.

In quis justo. Maecenas rhoncus aliquam lacus. Morbi quis tortor id nulla ultrices aliquet.','58092 Delaware Parkway','Boston','MA',5,'http://qq.com/adipiscing/elit.png?amet=integer&sapien=pede&dignissim=justo&vestibulum=lacinia&vestibulum=eget&ante=tincidunt&ipsum=eget&primis=tempus&in=vel&faucibus=pede&orci=morbi&luctus=porttitor&et=lorem&ultrices=id&posuere=ligula&cubilia=suspendisse&curae=ornare&nulla=consequat&dapibus=lectus&dolor=in&vel=est&est=risus&donec=auctor&odio=sed&justo=tristique&sollicitudin=in&ut=tempus&suscipit=sit&a=amet&feugiat=sem&et=fusce&eros=consequat&vestibulum=nulla&ac=nisl&est=nunc&lacinia=nisl&nisi=duis&venenatis=bibendum&tristique=felis&fusce=sed&congue=interdum&diam=venenatis&id=turpis&ornare=enim&imperdiet=blandit&sapien=mi&urna=in&pretium=porttitor&nisl=pede&ut=justo&volutpat=eu&sapien=massa&arcu=donec&sed=dapibus&augue=duis&aliquam=at&erat=velit','Lilllie Pimblotte','lpimblotte8@yellowbook.com','617-542-3891','http://dummyimage.com/189x100.png/ff4444/ffffff');
INSERT INTO Restaurants(restId,restName,bio,streetAddress,city,state,zipCode,websiteLink,cName,cEmail,cPhoneNumber,photo) VALUES (10,'Ondricka, Raynor and Bradtke','Integer tincidunt ante vel ipsum. Praesent blandit lacinia erat. Vestibulum sed magna at nunc commodo placerat.

Praesent blandit. Nam nulla. Integer pede justo, lacinia eget, tincidunt eget, tempus vel, pede.','058 Porter Court','Worcester','MA',5,'http://last.fm/at.html?orci=molestie&luctus=lorem&et=quisque&ultrices=ut&posuere=erat&cubilia=curabitur&curae=gravida&duis=nisi&faucibus=at&accumsan=nibh&odio=in&curabitur=hac&convallis=habitasse&duis=platea&consequat=dictumst&dui=aliquam&nec=augue&nisi=quam&volutpat=sollicitudin&eleifend=vitae&donec=consectetuer&ut=eget&dolor=rutrum&morbi=at&vel=lorem&lectus=integer&in=tincidunt&quam=ante&fringilla=vel&rhoncus=ipsum&mauris=praesent&enim=blandit&leo=lacinia&rhoncus=erat&sed=vestibulum&vestibulum=sed&sit=magna&amet=at&cursus=nunc&id=commodo&turpis=placerat&integer=praesent&aliquet=blandit&massa=nam&id=nulla&lobortis=integer&convallis=pede&tortor=justo&risus=lacinia&dapibus=eget&augue=tincidunt&vel=eget&accumsan=tempus&tellus=vel&nisi=pede&eu=morbi&orci=porttitor&mauris=lorem&lacinia=id&sapien=ligula&quis=suspendisse&libero=ornare&nullam=consequat&sit=lectus&amet=in&turpis=est&elementum=risus&ligula=auctor&vehicula=sed&consequat=tristique&morbi=in&a=tempus&ipsum=sit&integer=amet&a=sem&nibh=fusce&in=consequat&quis=nulla&justo=nisl&maecenas=nunc&rhoncus=nisl&aliquam=duis&lacus=bibendum&morbi=felis&quis=sed&tortor=interdum&id=venenatis&nulla=turpis&ultrices=enim&aliquet=blandit&maecenas=mi&leo=in&odio=porttitor&condimentum=pede&id=justo&luctus=eu&nec=massa','Hildagarde Niland','hniland9@marketwatch.com','508-101-4668','http://dummyimage.com/226x100.png/5fa2dd/ffffff');
INSERT INTO Restaurants(restId,restName,bio,streetAddress,city,state,zipCode,websiteLink,cName,cEmail,cPhoneNumber,photo) VALUES (11,'Armstrong, Baumbach and Welch','In hac habitasse platea dictumst. Etiam faucibus cursus urna. Ut tellus.','40794 Hudson Point','Springfield','MA',5,'https://spotify.com/aliquet/massa/id/lobortis.jsp?tempor=eros&convallis=vestibulum&nulla=ac&neque=est&libero=lacinia&convallis=nisi&eget=venenatis&eleifend=tristique&luctus=fusce&ultricies=congue&eu=diam&nibh=id&quisque=ornare&id=imperdiet&justo=sapien&sit=urna&amet=pretium&sapien=nisl&dignissim=ut&vestibulum=volutpat&vestibulum=sapien&ante=arcu&ipsum=sed&primis=augue&in=aliquam&faucibus=erat&orci=volutpat&luctus=in&et=congue&ultrices=etiam&posuere=justo&cubilia=etiam&curae=pretium&nulla=iaculis&dapibus=justo&dolor=in&vel=hac&est=habitasse&donec=platea&odio=dictumst&justo=etiam&sollicitudin=faucibus&ut=cursus&suscipit=urna&a=ut&feugiat=tellus&et=nulla&eros=ut&vestibulum=erat&ac=id&est=mauris&lacinia=vulputate&nisi=elementum&venenatis=nullam&tristique=varius&fusce=nulla&congue=facilisi&diam=cras&id=non&ornare=velit&imperdiet=nec&sapien=nisi&urna=vulputate&pretium=nonummy&nisl=maecenas&ut=tincidunt&volutpat=lacus&sapien=at&arcu=velit&sed=vivamus&augue=vel&aliquam=nulla&erat=eget&volutpat=eros&in=elementum&congue=pellentesque&etiam=quisque&justo=porta&etiam=volutpat&pretium=erat&iaculis=quisque','Nell Onions','nonionsa@edublogs.org','413-176-4379','http://dummyimage.com/194x100.png/cc0000/ffffff');
INSERT INTO Restaurants(restId,restName,bio,streetAddress,city,state,zipCode,websiteLink,cName,cEmail,cPhoneNumber,photo) VALUES (12,'Kihn-Nicolas','Cum sociis natoque penatibus et magnis dis parturient montes, nascetur ridiculus mus. Vivamus vestibulum sagittis sapien. Cum sociis natoque penatibus et magnis dis parturient montes, nascetur ridiculus mus.','1434 Blue Bill Park Court','Cambridge','MA',5,'http://unblog.fr/tristique.html?nibh=suscipit&in=a&quis=feugiat&justo=et&maecenas=eros','Vlad Izzett','vizzettb@yandex.ru','978-672-0830','http://dummyimage.com/237x100.png/dddddd/000000');
INSERT INTO Restaurants(restId,restName,bio,streetAddress,city,state,zipCode,websiteLink,cName,cEmail,cPhoneNumber,photo) VALUES (13,'Conn-Daugherty','Aenean lectus. Pellentesque eget nunc. Donec quis orci eget orci vehicula condimentum.

Curabitur in libero ut massa volutpat convallis. Morbi odio odio, elementum eu, interdum eu, tincidunt in, leo. Maecenas pulvinar lobortis est.','3 Comanche Circle','Worcester','MA',5,'http://shinystat.com/platea/dictumst.png?vehicula=ut&consequat=massa&morbi=quis&a=augue&ipsum=luctus&integer=tincidunt&a=nulla&nibh=mollis&in=molestie&quis=lorem&justo=quisque&maecenas=ut&rhoncus=erat&aliquam=curabitur&lacus=gravida&morbi=nisi&quis=at&tortor=nibh&id=in&nulla=hac&ultrices=habitasse&aliquet=platea&maecenas=dictumst&leo=aliquam&odio=augue&condimentum=quam&id=sollicitudin&luctus=vitae&nec=consectetuer&molestie=eget&sed=rutrum&justo=at&pellentesque=lorem&viverra=integer&pede=tincidunt&ac=ante&diam=vel&cras=ipsum&pellentesque=praesent&volutpat=blandit&dui=lacinia&maecenas=erat&tristique=vestibulum&est=sed&et=magna&tempus=at&semper=nunc&est=commodo&quam=placerat&pharetra=praesent&magna=blandit&ac=nam&consequat=nulla&metus=integer&sapien=pede&ut=justo&nunc=lacinia&vestibulum=eget&ante=tincidunt&ipsum=eget&primis=tempus&in=vel','Marijn Abrahamovitz','mabrahamovitzc@wp.com','508-953-4879','http://dummyimage.com/197x100.png/dddddd/000000');
INSERT INTO Restaurants(restId,restName,bio,streetAddress,city,state,zipCode,websiteLink,cName,cEmail,cPhoneNumber,photo) VALUES (14,'McCullough-Waelchi','In hac habitasse platea dictumst. Etiam faucibus cursus urna. Ut tellus.

Nulla ut erat id mauris vulputate elementum. Nullam varius. Nulla facilisi.

Cras non velit nec nisi vulputate nonummy. Maecenas tincidunt lacus at velit. Vivamus vel nulla eget eros elementum pellentesque.','44 Sutherland Drive','Boston','MA',5,'https://shinystat.com/aenean/sit/amet/justo/morbi/ut.png?mi=porttitor&nulla=lorem&ac=id&enim=ligula&in=suspendisse&tempor=ornare&turpis=consequat&nec=lectus&euismod=in&scelerisque=est&quam=risus&turpis=auctor&adipiscing=sed&lorem=tristique&vitae=in&mattis=tempus&nibh=sit&ligula=amet&nec=sem&sem=fusce&duis=consequat&aliquam=nulla&convallis=nisl&nunc=nunc&proin=nisl&at=duis&turpis=bibendum&a=felis&pede=sed&posuere=interdum&nonummy=venenatis&integer=turpis&non=enim&velit=blandit&donec=mi&diam=in&neque=porttitor&vestibulum=pede&eget=justo&vulputate=eu&ut=massa&ultrices=donec&vel=dapibus&augue=duis&vestibulum=at&ante=velit&ipsum=eu&primis=est&in=congue&faucibus=elementum&orci=in&luctus=hac&et=habitasse&ultrices=platea&posuere=dictumst&cubilia=morbi&curae=vestibulum&donec=velit&pharetra=id&magna=pretium&vestibulum=iaculis&aliquet=diam&ultrices=erat&erat=fermentum&tortor=justo&sollicitudin=nec&mi=condimentum&sit=neque&amet=sapien&lobortis=placerat&sapien=ante','Phillip Linskey','plinskeyd@thetimes.co.uk','617-135-7396','http://dummyimage.com/247x100.png/5fa2dd/ffffff');
INSERT INTO Restaurants(restId,restName,bio,streetAddress,city,state,zipCode,websiteLink,cName,cEmail,cPhoneNumber,photo) VALUES (15,'Prohaska Inc','Suspendisse potenti. In eleifend quam a odio. In hac habitasse platea dictumst.

Maecenas ut massa quis augue luctus tincidunt. Nulla mollis molestie lorem. Quisque ut erat.','7 Alpine Way','Waltham','MA',5,'http://unicef.org/aenean/fermentum/donec/ut/mauris/eget.js?posuere=at&cubilia=lorem&curae=integer&nulla=tincidunt&dapibus=ante&dolor=vel&vel=ipsum&est=praesent&donec=blandit&odio=lacinia&justo=erat&sollicitudin=vestibulum&ut=sed&suscipit=magna&a=at&feugiat=nunc&et=commodo&eros=placerat&vestibulum=praesent&ac=blandit&est=nam&lacinia=nulla&nisi=integer&venenatis=pede&tristique=justo&fusce=lacinia&congue=eget&diam=tincidunt&id=eget&ornare=tempus&imperdiet=vel&sapien=pede&urna=morbi&pretium=porttitor&nisl=lorem&ut=id&volutpat=ligula&sapien=suspendisse&arcu=ornare&sed=consequat&augue=lectus&aliquam=in&erat=est&volutpat=risus&in=auctor&congue=sed&etiam=tristique&justo=in&etiam=tempus&pretium=sit&iaculis=amet&justo=sem&in=fusce&hac=consequat&habitasse=nulla&platea=nisl&dictumst=nunc&etiam=nisl&faucibus=duis&cursus=bibendum&urna=felis&ut=sed&tellus=interdum&nulla=venenatis&ut=turpis&erat=enim&id=blandit&mauris=mi','Marchall Reicharz','mreicharze@dmoz.org','781-438-3971','http://dummyimage.com/160x100.png/ff4444/ffffff');
INSERT INTO Restaurants(restId,restName,bio,streetAddress,city,state,zipCode,websiteLink,cName,cEmail,cPhoneNumber,photo) VALUES (16,'Cormier Inc','Vestibulum quam sapien, varius ut, blandit non, interdum in, ante. Vestibulum ante ipsum primis in faucibus orci luctus et ultrices posuere cubilia Curae; Duis faucibus accumsan odio. Curabitur convallis.

Duis consequat dui nec nisi volutpat eleifend. Donec ut dolor. Morbi vel lectus in quam fringilla rhoncus.

Mauris enim leo, rhoncus sed, vestibulum sit amet, cursus id, turpis. Integer aliquet, massa id lobortis convallis, tortor risus dapibus augue, vel accumsan tellus nisi eu orci. Mauris lacinia sapien quis libero.','8 Corscot Hill','Worcester','MA',5,'http://illinois.edu/et/magnis/dis/parturient/montes/nascetur/ridiculus.html?posuere=lorem&cubilia=ipsum&curae=dolor&nulla=sit&dapibus=amet&dolor=consectetuer&vel=adipiscing&est=elit&donec=proin&odio=interdum&justo=mauris&sollicitudin=non&ut=ligula&suscipit=pellentesque&a=ultrices&feugiat=phasellus&et=id&eros=sapien&vestibulum=in&ac=sapien&est=iaculis&lacinia=congue&nisi=vivamus&venenatis=metus&tristique=arcu&fusce=adipiscing&congue=molestie&diam=hendrerit&id=at&ornare=vulputate&imperdiet=vitae&sapien=nisl&urna=aenean&pretium=lectus&nisl=pellentesque&ut=eget&volutpat=nunc&sapien=donec&arcu=quis&sed=orci&augue=eget&aliquam=orci&erat=vehicula&volutpat=condimentum&in=curabitur&congue=in&etiam=libero&justo=ut&etiam=massa&pretium=volutpat&iaculis=convallis&justo=morbi&in=odio&hac=odio&habitasse=elementum&platea=eu&dictumst=interdum&etiam=eu&faucibus=tincidunt&cursus=in&urna=leo&ut=maecenas&tellus=pulvinar&nulla=lobortis&ut=est&erat=phasellus&id=sit&mauris=amet&vulputate=erat&elementum=nulla','Magdalena Sterke','msterkef@businessweek.com','508-799-5280','http://dummyimage.com/249x100.png/5fa2dd/ffffff');
INSERT INTO Restaurants(restId,restName,bio,streetAddress,city,state,zipCode,websiteLink,cName,cEmail,cPhoneNumber,photo) VALUES (17,'Huel and Sons','Donec diam neque, vestibulum eget, vulputate ut, ultrices vel, augue. Vestibulum ante ipsum primis in faucibus orci luctus et ultrices posuere cubilia Curae; Donec pharetra, magna vestibulum aliquet ultrices, erat tortor sollicitudin mi, sit amet lobortis sapien sapien non mi. Integer ac neque.

Duis bibendum. Morbi non quam nec dui luctus rutrum. Nulla tellus.

In sagittis dui vel nisl. Duis ac nibh. Fusce lacus purus, aliquet at, feugiat non, pretium quis, lectus.','3 Dapin Way','Worcester','MA',5,'http://github.com/neque/vestibulum/eget/vulputate/ut/ultrices.json?aliquam=luctus&lacus=rutrum&morbi=nulla&quis=tellus&tortor=in&id=sagittis&nulla=dui&ultrices=vel&aliquet=nisl&maecenas=duis&leo=ac','Myrah Crawford','mcrawfordg@bluehost.com','508-713-2511','http://dummyimage.com/244x100.png/dddddd/000000');
INSERT INTO Restaurants(restId,restName,bio,streetAddress,city,state,zipCode,websiteLink,cName,cEmail,cPhoneNumber,photo) VALUES (18,'Mohr, McGlynn and Kulas','Proin eu mi. Nulla ac enim. In tempor, turpis nec euismod scelerisque, quam turpis adipiscing lorem, vitae mattis nibh ligula nec sem.','73195 John Wall Lane','Lynn','MA',5,'https://msu.edu/suscipit/ligula.html?laoreet=ultrices&ut=posuere&rhoncus=cubilia&aliquet=curae&pulvinar=mauris&sed=viverra&nisl=diam&nunc=vitae&rhoncus=quam&dui=suspendisse&vel=potenti&sem=nullam&sed=porttitor&sagittis=lacus&nam=at&congue=turpis&risus=donec&semper=posuere&porta=metus&volutpat=vitae&quam=ipsum&pede=aliquam&lobortis=non&ligula=mauris&sit=morbi&amet=non&eleifend=lectus','Emmye Gealle','egealleh@soup.io','339-881-0994','http://dummyimage.com/198x100.png/cc0000/ffffff');
INSERT INTO Restaurants(restId,restName,bio,streetAddress,city,state,zipCode,websiteLink,cName,cEmail,cPhoneNumber,photo) VALUES (19,'Mayert Inc','Nam ultrices, libero non mattis pulvinar, nulla pede ullamcorper augue, a suscipit nulla elit ac nulla. Sed vel enim sit amet nunc viverra dapibus. Nulla suscipit ligula in lacus.

Curabitur at ipsum ac tellus semper interdum. Mauris ullamcorper purus sit amet nulla. Quisque arcu libero, rutrum ac, lobortis vel, dapibus at, diam.','509 Hansons Pass','Lynn','MA',5,'https://list-manage.com/et/eros/vestibulum/ac.jsp?congue=vel&eget=sem&semper=sed&rutrum=sagittis&nulla=nam&nunc=congue&purus=risus&phasellus=semper&in=porta&felis=volutpat&donec=quam&semper=pede&sapien=lobortis&a=ligula&libero=sit&nam=amet&dui=eleifend&proin=pede&leo=libero&odio=quis&porttitor=orci&id=nullam&consequat=molestie&in=nibh&consequat=in&ut=lectus&nulla=pellentesque&sed=at&accumsan=nulla&felis=suspendisse&ut=potenti&at=cras&dolor=in&quis=purus&odio=eu&consequat=magna&varius=vulputate&integer=luctus&ac=cum&leo=sociis&pellentesque=natoque&ultrices=penatibus&mattis=et&odio=magnis&donec=dis&vitae=parturient&nisi=montes&nam=nascetur&ultrices=ridiculus&libero=mus&non=vivamus&mattis=vestibulum&pulvinar=sagittis&nulla=sapien&pede=cum&ullamcorper=sociis&augue=natoque&a=penatibus&suscipit=et&nulla=magnis&elit=dis&ac=parturient&nulla=montes&sed=nascetur&vel=ridiculus&enim=mus&sit=etiam&amet=vel&nunc=augue&viverra=vestibulum&dapibus=rutrum&nulla=rutrum&suscipit=neque&ligula=aenean&in=auctor&lacus=gravida&curabitur=sem&at=praesent','West Bison','wbisoni@foxnews.com','781-447-6158','http://dummyimage.com/129x100.png/dddddd/000000');
INSERT INTO Restaurants(restId,restName,bio,streetAddress,city,state,zipCode,websiteLink,cName,cEmail,cPhoneNumber,photo) VALUES (20,'Durgan-Tillman','Duis bibendum, felis sed interdum venenatis, turpis enim blandit mi, in porttitor pede justo eu massa. Donec dapibus. Duis at velit eu est congue elementum.

In hac habitasse platea dictumst. Morbi vestibulum, velit id pretium iaculis, diam erat fermentum justo, nec condimentum neque sapien placerat ante. Nulla justo.','001 Shopko Court','Woburn','MA',5,'https://wiley.com/vitae/quam/suspendisse/potenti/nullam.jpg?congue=nisl&diam=aenean&id=lectus&ornare=pellentesque&imperdiet=eget&sapien=nunc&urna=donec&pretium=quis&nisl=orci&ut=eget&volutpat=orci&sapien=vehicula&arcu=condimentum&sed=curabitur&augue=in&aliquam=libero&erat=ut&volutpat=massa&in=volutpat&congue=convallis&etiam=morbi&justo=odio&etiam=odio&pretium=elementum&iaculis=eu&justo=interdum&in=eu&hac=tincidunt&habitasse=in&platea=leo&dictumst=maecenas&etiam=pulvinar&faucibus=lobortis&cursus=est&urna=phasellus&ut=sit&tellus=amet&nulla=erat&ut=nulla&erat=tempus&id=vivamus&mauris=in&vulputate=felis&elementum=eu&nullam=sapien&varius=cursus&nulla=vestibulum&facilisi=proin&cras=eu&non=mi&velit=nulla&nec=ac&nisi=enim&vulputate=in&nonummy=tempor&maecenas=turpis&tincidunt=nec&lacus=euismod&at=scelerisque&velit=quam&vivamus=turpis&vel=adipiscing&nulla=lorem&eget=vitae&eros=mattis&elementum=nibh&pellentesque=ligula&quisque=nec&porta=sem&volutpat=duis&erat=aliquam&quisque=convallis&erat=nunc&eros=proin&viverra=at&eget=turpis&congue=a&eget=pede&semper=posuere&rutrum=nonummy&nulla=integer&nunc=non&purus=velit&phasellus=donec&in=diam&felis=neque&donec=vestibulum&semper=eget&sapien=vulputate&a=ut&libero=ultrices&nam=vel&dui=augue&proin=vestibulum&leo=ante&odio=ipsum&porttitor=primis&id=in&consequat=faucibus&in=orci','Mersey Carlin','mcarlinj@ebay.com','339-489-0461','http://dummyimage.com/183x100.png/cc0000/ffffff');
INSERT INTO Restaurants(restId,restName,bio,streetAddress,city,state,zipCode,websiteLink,cName,cEmail,cPhoneNumber,photo) VALUES (21,'Reichert-Mraz','Maecenas tristique, est et tempus semper, est quam pharetra magna, ac consequat metus sapien ut nunc. Vestibulum ante ipsum primis in faucibus orci luctus et ultrices posuere cubilia Curae; Mauris viverra diam vitae quam. Suspendisse potenti.

Nullam porttitor lacus at turpis. Donec posuere metus vitae ipsum. Aliquam non mauris.','950 Killdeer Crossing','Boston','MA',5,'http://sphinn.com/interdum/venenatis/turpis/enim.aspx?congue=nunc&eget=rhoncus&semper=dui&rutrum=vel&nulla=sem&nunc=sed&purus=sagittis&phasellus=nam&in=congue&felis=risus&donec=semper&semper=porta&sapien=volutpat&a=quam&libero=pede&nam=lobortis&dui=ligula&proin=sit&leo=amet&odio=eleifend&porttitor=pede&id=libero&consequat=quis&in=orci&consequat=nullam&ut=molestie&nulla=nibh&sed=in&accumsan=lectus&felis=pellentesque&ut=at&at=nulla&dolor=suspendisse&quis=potenti&odio=cras&consequat=in&varius=purus&integer=eu&ac=magna&leo=vulputate&pellentesque=luctus&ultrices=cum&mattis=sociis&odio=natoque&donec=penatibus&vitae=et&nisi=magnis&nam=dis&ultrices=parturient&libero=montes&non=nascetur&mattis=ridiculus&pulvinar=mus&nulla=vivamus&pede=vestibulum&ullamcorper=sagittis&augue=sapien&a=cum&suscipit=sociis&nulla=natoque&elit=penatibus&ac=et&nulla=magnis&sed=dis&vel=parturient&enim=montes&sit=nascetur&amet=ridiculus&nunc=mus&viverra=etiam&dapibus=vel&nulla=augue&suscipit=vestibulum&ligula=rutrum&in=rutrum&lacus=neque&curabitur=aenean&at=auctor&ipsum=gravida&ac=sem&tellus=praesent&semper=id&interdum=massa&mauris=id&ullamcorper=nisl&purus=venenatis&sit=lacinia&amet=aenean&nulla=sit&quisque=amet&arcu=justo&libero=morbi&rutrum=ut&ac=odio&lobortis=cras&vel=mi&dapibus=pede&at=malesuada&diam=in&nam=imperdiet','Cindi Novill','cnovillk@miibeian.gov.cn','617-460-4645','http://dummyimage.com/157x100.png/5fa2dd/ffffff');
INSERT INTO Restaurants(restId,restName,bio,streetAddress,city,state,zipCode,websiteLink,cName,cEmail,cPhoneNumber,photo) VALUES (22,'Runolfsdottir Inc','Morbi non lectus. Aliquam sit amet diam in magna bibendum imperdiet. Nullam orci pede, venenatis non, sodales sed, tincidunt eu, felis.','5537 Bashford Lane','Boston','MA',5,'https://symantec.com/feugiat/non/pretium/quis.jsp?sapien=et&sapien=commodo&non=vulputate&mi=justo&integer=in&ac=blandit&neque=ultrices&duis=enim&bibendum=lorem&morbi=ipsum&non=dolor&quam=sit&nec=amet&dui=consectetuer&luctus=adipiscing&rutrum=elit&nulla=proin&tellus=interdum&in=mauris&sagittis=non&dui=ligula&vel=pellentesque&nisl=ultrices&duis=phasellus&ac=id&nibh=sapien&fusce=in&lacus=sapien&purus=iaculis&aliquet=congue&at=vivamus&feugiat=metus&non=arcu&pretium=adipiscing&quis=molestie&lectus=hendrerit&suspendisse=at&potenti=vulputate&in=vitae&eleifend=nisl&quam=aenean&a=lectus&odio=pellentesque&in=eget&hac=nunc&habitasse=donec&platea=quis&dictumst=orci&maecenas=eget&ut=orci&massa=vehicula&quis=condimentum&augue=curabitur&luctus=in&tincidunt=libero&nulla=ut&mollis=massa','Devlen Ohanessian','dohanessianl@acquirethisname.com','617-167-9390','http://dummyimage.com/175x100.png/5fa2dd/ffffff');
INSERT INTO Restaurants(restId,restName,bio,streetAddress,city,state,zipCode,websiteLink,cName,cEmail,cPhoneNumber,photo) VALUES (23,'Considine LLC','Cras mi pede, malesuada in, imperdiet et, commodo vulputate, justo. In blandit ultrices enim. Lorem ipsum dolor sit amet, consectetuer adipiscing elit.','0091 Bluestem Road','Springfield','MA',5,'https://newyorker.com/cras.png?mauris=metus&enim=sapien&leo=ut&rhoncus=nunc&sed=vestibulum&vestibulum=ante&sit=ipsum&amet=primis&cursus=in&id=faucibus&turpis=orci&integer=luctus&aliquet=et&massa=ultrices&id=posuere','Audrey Haxby','ahaxbym@yandex.ru','413-466-0911','http://dummyimage.com/176x100.png/ff4444/ffffff');
INSERT INTO Restaurants(restId,restName,bio,streetAddress,city,state,zipCode,websiteLink,cName,cEmail,cPhoneNumber,photo) VALUES (24,'Price, Cruickshank and Nitzsche','Fusce consequat. Nulla nisl. Nunc nisl.

Duis bibendum, felis sed interdum venenatis, turpis enim blandit mi, in porttitor pede justo eu massa. Donec dapibus. Duis at velit eu est congue elementum.','8881 Carpenter Circle','Springfield','MA',5,'http://simplemachines.org/ac/nulla/sed/vel.jsp?mauris=leo&laoreet=rhoncus&ut=sed&rhoncus=vestibulum&aliquet=sit&pulvinar=amet&sed=cursus&nisl=id&nunc=turpis&rhoncus=integer&dui=aliquet&vel=massa&sem=id&sed=lobortis&sagittis=convallis&nam=tortor&congue=risus&risus=dapibus&semper=augue&porta=vel&volutpat=accumsan&quam=tellus&pede=nisi&lobortis=eu&ligula=orci&sit=mauris&amet=lacinia&eleifend=sapien&pede=quis&libero=libero&quis=nullam&orci=sit&nullam=amet&molestie=turpis&nibh=elementum&in=ligula&lectus=vehicula&pellentesque=consequat&at=morbi&nulla=a&suspendisse=ipsum&potenti=integer&cras=a&in=nibh','Halie Hacksby','hhacksbyn@skype.com','413-834-5699','http://dummyimage.com/153x100.png/5fa2dd/ffffff');
INSERT INTO Restaurants(restId,restName,bio,streetAddress,city,state,zipCode,websiteLink,cName,cEmail,cPhoneNumber,photo) VALUES (25,'Morissette LLC','Curabitur at ipsum ac tellus semper interdum. Mauris ullamcorper purus sit amet nulla. Quisque arcu libero, rutrum ac, lobortis vel, dapibus at, diam.','84 Londonderry Park','Boston','MA',5,'https://mozilla.org/diam.jpg?montes=suspendisse&nascetur=potenti&ridiculus=in&mus=eleifend&vivamus=quam&vestibulum=a&sagittis=odio&sapien=in&cum=hac&sociis=habitasse&natoque=platea&penatibus=dictumst&et=maecenas&magnis=ut&dis=massa&parturient=quis&montes=augue&nascetur=luctus&ridiculus=tincidunt&mus=nulla&etiam=mollis&vel=molestie&augue=lorem&vestibulum=quisque&rutrum=ut','Lishe Markie','lmarkieo@storify.com','857-549-9922','http://dummyimage.com/102x100.png/cc0000/ffffff');
INSERT INTO Restaurants(restId,restName,bio,streetAddress,city,state,zipCode,websiteLink,cName,cEmail,cPhoneNumber,photo) VALUES (26,'Kohler, Marvin and Doyle','Quisque porta volutpat erat. Quisque erat eros, viverra eget, congue eget, semper rutrum, nulla. Nunc purus.','44656 Roth Terrace','Lynn','MA',5,'http://mail.ru/in.html?at=consectetuer&velit=eget&eu=rutrum&est=at&congue=lorem&elementum=integer&in=tincidunt&hac=ante&habitasse=vel&platea=ipsum&dictumst=praesent&morbi=blandit&vestibulum=lacinia&velit=erat&id=vestibulum','Cooper Bennie','cbenniep@1und1.de','781-951-6926','http://dummyimage.com/205x100.png/dddddd/000000');
INSERT INTO Restaurants(restId,restName,bio,streetAddress,city,state,zipCode,websiteLink,cName,cEmail,cPhoneNumber,photo) VALUES (27,'Renner Inc','Curabitur in libero ut massa volutpat convallis. Morbi odio odio, elementum eu, interdum eu, tincidunt in, leo. Maecenas pulvinar lobortis est.

Phasellus sit amet erat. Nulla tempus. Vivamus in felis eu sapien cursus vestibulum.

Proin eu mi. Nulla ac enim. In tempor, turpis nec euismod scelerisque, quam turpis adipiscing lorem, vitae mattis nibh ligula nec sem.','67485 Bunting Court','Newton','MA',5,'https://ox.ac.uk/ut/tellus/nulla/ut/erat/id/mauris.jsp?interdum=adipiscing&venenatis=lorem&turpis=vitae&enim=mattis&blandit=nibh&mi=ligula&in=nec&porttitor=sem&pede=duis&justo=aliquam&eu=convallis&massa=nunc&donec=proin&dapibus=at&duis=turpis&at=a&velit=pede&eu=posuere&est=nonummy&congue=integer&elementum=non&in=velit&hac=donec&habitasse=diam&platea=neque&dictumst=vestibulum&morbi=eget&vestibulum=vulputate&velit=ut&id=ultrices&pretium=vel&iaculis=augue&diam=vestibulum&erat=ante&fermentum=ipsum&justo=primis&nec=in&condimentum=faucibus&neque=orci&sapien=luctus&placerat=et&ante=ultrices&nulla=posuere&justo=cubilia&aliquam=curae&quis=donec&turpis=pharetra&eget=magna&elit=vestibulum&sodales=aliquet&scelerisque=ultrices&mauris=erat&sit=tortor&amet=sollicitudin&eros=mi&suspendisse=sit&accumsan=amet&tortor=lobortis&quis=sapien&turpis=sapien','Mara Dur','mdurq@odnoklassniki.ru','508-652-7818','http://dummyimage.com/123x100.png/dddddd/000000');
INSERT INTO Restaurants(restId,restName,bio,streetAddress,city,state,zipCode,websiteLink,cName,cEmail,cPhoneNumber,photo) VALUES (28,'Lang LLC','Sed sagittis. Nam congue, risus semper porta volutpat, quam pede lobortis ligula, sit amet eleifend pede libero quis orci. Nullam molestie nibh in lectus.','7 Swallow Alley','Springfield','MA',5,'http://last.fm/orci/luctus/et/ultrices/posuere/cubilia/curae.aspx?dolor=justo&sit=eu&amet=massa&consectetuer=donec&adipiscing=dapibus','Cathlene Severs','cseversr@twitpic.com','413-844-0500','http://dummyimage.com/173x100.png/cc0000/ffffff');
INSERT INTO Restaurants(restId,restName,bio,streetAddress,city,state,zipCode,websiteLink,cName,cEmail,cPhoneNumber,photo) VALUES (29,'Hayes and Sons','In hac habitasse platea dictumst. Morbi vestibulum, velit id pretium iaculis, diam erat fermentum justo, nec condimentum neque sapien placerat ante. Nulla justo.

Aliquam quis turpis eget elit sodales scelerisque. Mauris sit amet eros. Suspendisse accumsan tortor quis turpis.

Sed ante. Vivamus tortor. Duis mattis egestas metus.','41 Drewry Plaza','Springfield','MA',5,'http://dagondesign.com/praesent/lectus/vestibulum.png?sapien=rhoncus','Rudie Gilligan','rgilligans@china.com.cn','413-965-4288','http://dummyimage.com/197x100.png/cc0000/ffffff');
INSERT INTO Restaurants(restId,restName,bio,streetAddress,city,state,zipCode,websiteLink,cName,cEmail,cPhoneNumber,photo) VALUES (30,'Ledner, Harber and Jacobi','Cum sociis natoque penatibus et magnis dis parturient montes, nascetur ridiculus mus. Vivamus vestibulum sagittis sapien. Cum sociis natoque penatibus et magnis dis parturient montes, nascetur ridiculus mus.','6 Warner Way','Boston','MA',5,'https://yahoo.com/magna/at/nunc.aspx?diam=sit&vitae=amet&quam=eros&suspendisse=suspendisse&potenti=accumsan&nullam=tortor&porttitor=quis&lacus=turpis&at=sed&turpis=ante&donec=vivamus&posuere=tortor&metus=duis&vitae=mattis&ipsum=egestas&aliquam=metus&non=aenean&mauris=fermentum&morbi=donec&non=ut&lectus=mauris&aliquam=eget&sit=massa&amet=tempor&diam=convallis&in=nulla&magna=neque&bibendum=libero','Davy Kee','dkeet@shop-pro.jp','617-703-7520','http://dummyimage.com/213x100.png/dddddd/000000');
INSERT INTO Restaurants(restId,restName,bio,streetAddress,city,state,zipCode,websiteLink,cName,cEmail,cPhoneNumber,photo) VALUES (31,'Schultz-Rodriguez','Sed sagittis. Nam congue, risus semper porta volutpat, quam pede lobortis ligula, sit amet eleifend pede libero quis orci. Nullam molestie nibh in lectus.','9 Packers Lane','Boston','MA',5,'http://buzzfeed.com/mattis/nibh/ligula/nec/sem/duis.js?imperdiet=sit&sapien=amet&urna=lobortis&pretium=sapien&nisl=sapien&ut=non&volutpat=mi&sapien=integer&arcu=ac&sed=neque&augue=duis&aliquam=bibendum&erat=morbi&volutpat=non&in=quam&congue=nec&etiam=dui&justo=luctus&etiam=rutrum&pretium=nulla&iaculis=tellus&justo=in&in=sagittis&hac=dui&habitasse=vel&platea=nisl&dictumst=duis&etiam=ac&faucibus=nibh&cursus=fusce&urna=lacus&ut=purus&tellus=aliquet&nulla=at&ut=feugiat&erat=non&id=pretium&mauris=quis&vulputate=lectus&elementum=suspendisse&nullam=potenti&varius=in&nulla=eleifend&facilisi=quam&cras=a&non=odio&velit=in&nec=hac&nisi=habitasse&vulputate=platea&nonummy=dictumst&maecenas=maecenas&tincidunt=ut&lacus=massa&at=quis&velit=augue&vivamus=luctus&vel=tincidunt&nulla=nulla&eget=mollis&eros=molestie&elementum=lorem&pellentesque=quisque&quisque=ut&porta=erat&volutpat=curabitur&erat=gravida&quisque=nisi&erat=at&eros=nibh&viverra=in&eget=hac&congue=habitasse&eget=platea&semper=dictumst&rutrum=aliquam','Pavlov Brocking','pbrockingu@yale.edu','617-160-4406','http://dummyimage.com/106x100.png/dddddd/000000');
INSERT INTO Restaurants(restId,restName,bio,streetAddress,city,state,zipCode,websiteLink,cName,cEmail,cPhoneNumber,photo) VALUES (32,'Senger, Hudson and Gerhold','Proin leo odio, porttitor id, consequat in, consequat ut, nulla. Sed accumsan felis. Ut at dolor quis odio consequat varius.

Integer ac leo. Pellentesque ultrices mattis odio. Donec vitae nisi.

Nam ultrices, libero non mattis pulvinar, nulla pede ullamcorper augue, a suscipit nulla elit ac nulla. Sed vel enim sit amet nunc viverra dapibus. Nulla suscipit ligula in lacus.','58892 Lyons Street','Springfield','MA',5,'http://amazon.com/cras/mi/pede/malesuada/in.aspx?vulputate=imperdiet&luctus=nullam&cum=orci&sociis=pede&natoque=venenatis&penatibus=non&et=sodales&magnis=sed&dis=tincidunt&parturient=eu&montes=felis&nascetur=fusce&ridiculus=posuere&mus=felis&vivamus=sed&vestibulum=lacus&sagittis=morbi&sapien=sem&cum=mauris&sociis=laoreet&natoque=ut&penatibus=rhoncus&et=aliquet&magnis=pulvinar&dis=sed&parturient=nisl&montes=nunc&nascetur=rhoncus&ridiculus=dui&mus=vel&etiam=sem&vel=sed&augue=sagittis&vestibulum=nam&rutrum=congue&rutrum=risus&neque=semper&aenean=porta&auctor=volutpat&gravida=quam&sem=pede&praesent=lobortis&id=ligula&massa=sit&id=amet&nisl=eleifend&venenatis=pede&lacinia=libero&aenean=quis&sit=orci&amet=nullam&justo=molestie&morbi=nibh&ut=in&odio=lectus&cras=pellentesque&mi=at&pede=nulla&malesuada=suspendisse&in=potenti&imperdiet=cras&et=in&commodo=purus&vulputate=eu&justo=magna&in=vulputate&blandit=luctus&ultrices=cum&enim=sociis&lorem=natoque&ipsum=penatibus&dolor=et&sit=magnis&amet=dis&consectetuer=parturient&adipiscing=montes&elit=nascetur&proin=ridiculus&interdum=mus&mauris=vivamus&non=vestibulum&ligula=sagittis&pellentesque=sapien&ultrices=cum&phasellus=sociis&id=natoque&sapien=penatibus&in=et&sapien=magnis&iaculis=dis&congue=parturient&vivamus=montes&metus=nascetur&arcu=ridiculus','Janetta Shaylor','jshaylorv@wikia.com','413-277-8800','http://dummyimage.com/155x100.png/ff4444/ffffff');
INSERT INTO Restaurants(restId,restName,bio,streetAddress,city,state,zipCode,websiteLink,cName,cEmail,cPhoneNumber,photo) VALUES (33,'Homenick-Kuhlman','Duis bibendum, felis sed interdum venenatis, turpis enim blandit mi, in porttitor pede justo eu massa. Donec dapibus. Duis at velit eu est congue elementum.','8 Bellgrove Park','Boston','MA',5,'https://friendfeed.com/erat.json?dui=eu&maecenas=felis&tristique=fusce&est=posuere&et=felis&tempus=sed&semper=lacus&est=morbi&quam=sem&pharetra=mauris&magna=laoreet&ac=ut&consequat=rhoncus&metus=aliquet&sapien=pulvinar&ut=sed&nunc=nisl&vestibulum=nunc&ante=rhoncus&ipsum=dui&primis=vel&in=sem&faucibus=sed&orci=sagittis&luctus=nam&et=congue&ultrices=risus&posuere=semper&cubilia=porta&curae=volutpat&mauris=quam&viverra=pede&diam=lobortis&vitae=ligula&quam=sit&suspendisse=amet&potenti=eleifend&nullam=pede&porttitor=libero&lacus=quis&at=orci&turpis=nullam&donec=molestie&posuere=nibh&metus=in&vitae=lectus&ipsum=pellentesque&aliquam=at&non=nulla&mauris=suspendisse&morbi=potenti&non=cras&lectus=in&aliquam=purus&sit=eu&amet=magna&diam=vulputate&in=luctus&magna=cum&bibendum=sociis&imperdiet=natoque&nullam=penatibus&orci=et&pede=magnis&venenatis=dis&non=parturient&sodales=montes&sed=nascetur&tincidunt=ridiculus&eu=mus&felis=vivamus&fusce=vestibulum&posuere=sagittis&felis=sapien&sed=cum&lacus=sociis&morbi=natoque&sem=penatibus&mauris=et&laoreet=magnis&ut=dis&rhoncus=parturient&aliquet=montes&pulvinar=nascetur&sed=ridiculus&nisl=mus&nunc=etiam&rhoncus=vel&dui=augue&vel=vestibulum&sem=rutrum&sed=rutrum&sagittis=neque&nam=aenean&congue=auctor&risus=gravida&semper=sem&porta=praesent&volutpat=id','Chris Woollin','cwoollinw@51.la','781-469-2116','http://dummyimage.com/158x100.png/ff4444/ffffff');
INSERT INTO Restaurants(restId,restName,bio,streetAddress,city,state,zipCode,websiteLink,cName,cEmail,cPhoneNumber,photo) VALUES (34,'Klocko LLC','Duis aliquam convallis nunc. Proin at turpis a pede posuere nonummy. Integer non velit.','69 West Street','Worcester','MA',5,'http://house.gov/tortor/id/nulla/ultrices/aliquet/maecenas/leo.jsp?magna=maecenas&at=tristique&nunc=est&commodo=et&placerat=tempus&praesent=semper&blandit=est&nam=quam&nulla=pharetra&integer=magna&pede=ac&justo=consequat&lacinia=metus&eget=sapien&tincidunt=ut&eget=nunc&tempus=vestibulum&vel=ante&pede=ipsum&morbi=primis&porttitor=in&lorem=faucibus&id=orci&ligula=luctus&suspendisse=et&ornare=ultrices&consequat=posuere&lectus=cubilia&in=curae&est=mauris&risus=viverra&auctor=diam&sed=vitae&tristique=quam&in=suspendisse&tempus=potenti&sit=nullam&amet=porttitor&sem=lacus&fusce=at&consequat=turpis&nulla=donec&nisl=posuere&nunc=metus&nisl=vitae&duis=ipsum&bibendum=aliquam&felis=non&sed=mauris&interdum=morbi&venenatis=non&turpis=lectus&enim=aliquam&blandit=sit&mi=amet&in=diam','Cristionna Peasee','cpeaseex@usa.gov','508-300-4443','http://dummyimage.com/191x100.png/dddddd/000000');
INSERT INTO Restaurants(restId,restName,bio,streetAddress,city,state,zipCode,websiteLink,cName,cEmail,cPhoneNumber,photo) VALUES (35,'Graham and Sons','Suspendisse potenti. In eleifend quam a odio. In hac habitasse platea dictumst.

Maecenas ut massa quis augue luctus tincidunt. Nulla mollis molestie lorem. Quisque ut erat.','37790 Pine View Trail','Newton','MA',5,'https://odnoklassniki.ru/scelerisque.jpg?praesent=pellentesque&lectus=viverra&vestibulum=pede&quam=ac&sapien=diam&varius=cras&ut=pellentesque&blandit=volutpat&non=dui&interdum=maecenas&in=tristique&ante=est','Charlene Tarney','ctarneyy@auda.org.au','508-228-3538','http://dummyimage.com/181x100.png/ff4444/ffffff');
INSERT INTO Restaurants(restId,restName,bio,streetAddress,city,state,zipCode,websiteLink,cName,cEmail,cPhoneNumber,photo) VALUES (36,'Schneider and Sons','Duis bibendum, felis sed interdum venenatis, turpis enim blandit mi, in porttitor pede justo eu massa. Donec dapibus. Duis at velit eu est congue elementum.

In hac habitasse platea dictumst. Morbi vestibulum, velit id pretium iaculis, diam erat fermentum justo, nec condimentum neque sapien placerat ante. Nulla justo.','47 3rd Hill','Boston','MA',5,'https://nydailynews.com/diam/id/ornare.png?ultrices=erat&phasellus=nulla&id=tempus&sapien=vivamus&in=in&sapien=felis&iaculis=eu&congue=sapien&vivamus=cursus&metus=vestibulum&arcu=proin&adipiscing=eu&molestie=mi&hendrerit=nulla&at=ac&vulputate=enim&vitae=in&nisl=tempor&aenean=turpis&lectus=nec&pellentesque=euismod&eget=scelerisque&nunc=quam&donec=turpis&quis=adipiscing&orci=lorem&eget=vitae&orci=mattis&vehicula=nibh&condimentum=ligula&curabitur=nec&in=sem&libero=duis&ut=aliquam&massa=convallis&volutpat=nunc&convallis=proin&morbi=at&odio=turpis&odio=a&elementum=pede&eu=posuere&interdum=nonummy&eu=integer&tincidunt=non&in=velit&leo=donec&maecenas=diam&pulvinar=neque&lobortis=vestibulum&est=eget&phasellus=vulputate&sit=ut&amet=ultrices&erat=vel&nulla=augue&tempus=vestibulum&vivamus=ante&in=ipsum&felis=primis&eu=in&sapien=faucibus&cursus=orci&vestibulum=luctus&proin=et&eu=ultrices&mi=posuere&nulla=cubilia','Gregorius Thiese','gthiesez@mayoclinic.com','318-933-4324','http://dummyimage.com/118x100.png/cc0000/ffffff');
INSERT INTO Restaurants(restId,restName,bio,streetAddress,city,state,zipCode,websiteLink,cName,cEmail,cPhoneNumber,photo) VALUES (37,'O''Connell-Thompson','Curabitur in libero ut massa volutpat convallis. Morbi odio odio, elementum eu, interdum eu, tincidunt in, leo. Maecenas pulvinar lobortis est.','32417 Oak Valley Trail','Lynn','MA',5,'http://tripod.com/venenatis/turpis.html?viverra=mi&pede=pede&ac=malesuada&diam=in&cras=imperdiet&pellentesque=et&volutpat=commodo&dui=vulputate&maecenas=justo&tristique=in&est=blandit&et=ultrices&tempus=enim&semper=lorem&est=ipsum&quam=dolor&pharetra=sit&magna=amet&ac=consectetuer&consequat=adipiscing&metus=elit&sapien=proin','Wilfred Golagley','wgolagley10@about.me','617-683-0616','http://dummyimage.com/241x100.png/5fa2dd/ffffff');
INSERT INTO Restaurants(restId,restName,bio,streetAddress,city,state,zipCode,websiteLink,cName,cEmail,cPhoneNumber,photo) VALUES (38,'Gleason-Thiel','In hac habitasse platea dictumst. Morbi vestibulum, velit id pretium iaculis, diam erat fermentum justo, nec condimentum neque sapien placerat ante. Nulla justo.

Aliquam quis turpis eget elit sodales scelerisque. Mauris sit amet eros. Suspendisse accumsan tortor quis turpis.','00 Kensington Circle','Boston','MA',5,'http://zdnet.com/id.html?in=posuere&leo=cubilia&maecenas=curae&pulvinar=mauris&lobortis=viverra&est=diam&phasellus=vitae&sit=quam&amet=suspendisse&erat=potenti&nulla=nullam&tempus=porttitor&vivamus=lacus&in=at&felis=turpis&eu=donec&sapien=posuere&cursus=metus&vestibulum=vitae&proin=ipsum&eu=aliquam&mi=non&nulla=mauris&ac=morbi&enim=non&in=lectus&tempor=aliquam&turpis=sit&nec=amet&euismod=diam&scelerisque=in&quam=magna&turpis=bibendum&adipiscing=imperdiet&lorem=nullam&vitae=orci&mattis=pede&nibh=venenatis&ligula=non&nec=sodales&sem=sed&duis=tincidunt&aliquam=eu&convallis=felis&nunc=fusce&proin=posuere&at=felis&turpis=sed&a=lacus&pede=morbi&posuere=sem&nonummy=mauris&integer=laoreet&non=ut&velit=rhoncus&donec=aliquet&diam=pulvinar&neque=sed&vestibulum=nisl&eget=nunc&vulputate=rhoncus&ut=dui&ultrices=vel&vel=sem&augue=sed&vestibulum=sagittis&ante=nam&ipsum=congue&primis=risus&in=semper&faucibus=porta&orci=volutpat&luctus=quam&et=pede','Diarmid Guilford','dguilford11@tmall.com','781-179-2240','http://dummyimage.com/211x100.png/cc0000/ffffff');
INSERT INTO Restaurants(restId,restName,bio,streetAddress,city,state,zipCode,websiteLink,cName,cEmail,cPhoneNumber,photo) VALUES (39,'Stracke and Sons','Sed ante. Vivamus tortor. Duis mattis egestas metus.

Aenean fermentum. Donec ut mauris eget massa tempor convallis. Nulla neque libero, convallis eget, eleifend luctus, ultricies eu, nibh.

Quisque id justo sit amet sapien dignissim vestibulum. Vestibulum ante ipsum primis in faucibus orci luctus et ultrices posuere cubilia Curae; Nulla dapibus dolor vel est. Donec odio justo, sollicitudin ut, suscipit a, feugiat et, eros.','4 Saint Paul Street','Boston','MA',5,'https://1688.com/vulputate/ut/ultrices.aspx?ac=libero&consequat=nullam&metus=sit&sapien=amet&ut=turpis&nunc=elementum&vestibulum=ligula&ante=vehicula&ipsum=consequat&primis=morbi&in=a&faucibus=ipsum&orci=integer&luctus=a&et=nibh&ultrices=in&posuere=quis&cubilia=justo&curae=maecenas&mauris=rhoncus&viverra=aliquam&diam=lacus&vitae=morbi&quam=quis&suspendisse=tortor&potenti=id&nullam=nulla&porttitor=ultrices&lacus=aliquet&at=maecenas&turpis=leo&donec=odio&posuere=condimentum&metus=id&vitae=luctus&ipsum=nec&aliquam=molestie&non=sed&mauris=justo&morbi=pellentesque&non=viverra&lectus=pede&aliquam=ac&sit=diam&amet=cras&diam=pellentesque&in=volutpat&magna=dui&bibendum=maecenas&imperdiet=tristique&nullam=est&orci=et&pede=tempus&venenatis=semper&non=est&sodales=quam&sed=pharetra&tincidunt=magna&eu=ac&felis=consequat&fusce=metus&posuere=sapien&felis=ut&sed=nunc&lacus=vestibulum&morbi=ante&sem=ipsum&mauris=primis&laoreet=in&ut=faucibus&rhoncus=orci&aliquet=luctus&pulvinar=et&sed=ultrices&nisl=posuere&nunc=cubilia&rhoncus=curae&dui=mauris&vel=viverra&sem=diam&sed=vitae&sagittis=quam&nam=suspendisse','Marianne Beattie','mbeattie12@delicious.com','617-622-6341','http://dummyimage.com/105x100.png/ff4444/ffffff');
INSERT INTO Restaurants(restId,restName,bio,streetAddress,city,state,zipCode,websiteLink,cName,cEmail,cPhoneNumber,photo) VALUES (40,'Littel, Borer and Denesik','Nullam sit amet turpis elementum ligula vehicula consequat. Morbi a ipsum. Integer a nibh.

In quis justo. Maecenas rhoncus aliquam lacus. Morbi quis tortor id nulla ultrices aliquet.

Maecenas leo odio, condimentum id, luctus nec, molestie sed, justo. Pellentesque viverra pede ac diam. Cras pellentesque volutpat dui.','8547 Larry Point','Boston','MA',5,'http://hud.gov/enim/blandit.js?potenti=in&nullam=libero&porttitor=ut&lacus=massa&at=volutpat&turpis=convallis&donec=morbi&posuere=odio&metus=odio&vitae=elementum&ipsum=eu&aliquam=interdum&non=eu&mauris=tincidunt&morbi=in&non=leo&lectus=maecenas&aliquam=pulvinar&sit=lobortis&amet=est&diam=phasellus&in=sit&magna=amet&bibendum=erat&imperdiet=nulla&nullam=tempus&orci=vivamus&pede=in&venenatis=felis&non=eu&sodales=sapien&sed=cursus&tincidunt=vestibulum&eu=proin&felis=eu&fusce=mi&posuere=nulla&felis=ac&sed=enim&lacus=in&morbi=tempor&sem=turpis&mauris=nec&laoreet=euismod&ut=scelerisque&rhoncus=quam&aliquet=turpis&pulvinar=adipiscing&sed=lorem&nisl=vitae&nunc=mattis&rhoncus=nibh&dui=ligula&vel=nec&sem=sem&sed=duis','Stacey Antonopoulos','santonopoulos13@ebay.co.uk','617-669-6594','http://dummyimage.com/185x100.png/5fa2dd/ffffff');

-- Followers
INSERT INTO Followers(followerId,followeeId,timeFollowed) VALUES (14,18,'2024-03-15 04:50:10');
INSERT INTO Followers(followerId,followeeId,timeFollowed) VALUES (15,29,'2024-03-06 08:05:48');
INSERT INTO Followers(followerId,followeeId,timeFollowed) VALUES (35,21,'2024-04-25 18:04:27');
INSERT INTO Followers(followerId,followeeId,timeFollowed) VALUES (2,38,'2023-10-29 09:08:26');
INSERT INTO Followers(followerId,followeeId,timeFollowed) VALUES (4,11,'2024-04-24 20:59:27');
INSERT INTO Followers(followerId,followeeId,timeFollowed) VALUES (28,4,'2023-10-16 21:30:55');
INSERT INTO Followers(followerId,followeeId,timeFollowed) VALUES (31,23,'2024-01-01 02:28:00');
INSERT INTO Followers(followerId,followeeId,timeFollowed) VALUES (6,4,'2023-09-04 03:32:36');
INSERT INTO Followers(followerId,followeeId,timeFollowed) VALUES (32,28,'2023-10-31 13:03:06');
INSERT INTO Followers(followerId,followeeId,timeFollowed) VALUES (26,21,'2023-09-25 23:47:49');
INSERT INTO Followers(followerId,followeeId,timeFollowed) VALUES (24,6,'2023-12-31 05:18:16');
INSERT INTO Followers(followerId,followeeId,timeFollowed) VALUES (35,7,'2023-10-14 05:04:12');
INSERT INTO Followers(followerId,followeeId,timeFollowed) VALUES (27,9,'2024-04-21 09:44:11');
INSERT INTO Followers(followerId,followeeId,timeFollowed) VALUES (35,18,'2024-08-12 11:40:24');
INSERT INTO Followers(followerId,followeeId,timeFollowed) VALUES (12,24,'2024-07-23 18:27:22');
INSERT INTO Followers(followerId,followeeId,timeFollowed) VALUES (33,24,'2024-05-27 23:37:35');
INSERT INTO Followers(followerId,followeeId,timeFollowed) VALUES (35,13,'2024-07-23 15:31:01');
INSERT INTO Followers(followerId,followeeId,timeFollowed) VALUES (34,5,'2024-03-28 06:46:46');
INSERT INTO Followers(followerId,followeeId,timeFollowed) VALUES (26,40,'2024-01-10 10:37:47');
INSERT INTO Followers(followerId,followeeId,timeFollowed) VALUES (9,4,'2024-04-26 19:10:44');
INSERT INTO Followers(followerId,followeeId,timeFollowed) VALUES (28,38,'2023-08-27 18:11:21');
INSERT INTO Followers(followerId,followeeId,timeFollowed) VALUES (18,38,'2023-10-17 06:38:57');
INSERT INTO Followers(followerId,followeeId,timeFollowed) VALUES (6,12,'2024-03-12 22:31:16');
INSERT INTO Followers(followerId,followeeId,timeFollowed) VALUES (24,27,'2024-08-03 00:29:08');
INSERT INTO Followers(followerId,followeeId,timeFollowed) VALUES (37,25,'2024-04-16 06:11:27');
INSERT INTO Followers(followerId,followeeId,timeFollowed) VALUES (22,35,'2023-11-21 12:25:21');
INSERT INTO Followers(followerId,followeeId,timeFollowed) VALUES (38,23,'2023-09-21 07:38:03');
INSERT INTO Followers(followerId,followeeId,timeFollowed) VALUES (15,26,'2024-07-23 17:54:55');
INSERT INTO Followers(followerId,followeeId,timeFollowed) VALUES (6,24,'2024-07-13 22:36:56');
INSERT INTO Followers(followerId,followeeId,timeFollowed) VALUES (34,30,'2023-10-18 21:09:24');
INSERT INTO Followers(followerId,followeeId,timeFollowed) VALUES (25,7,'2024-06-09 08:09:57');
INSERT INTO Followers(followerId,followeeId,timeFollowed) VALUES (36,16,'2024-03-05 13:22:42');
INSERT INTO Followers(followerId,followeeId,timeFollowed) VALUES (26,12,'2024-04-24 14:54:47');
INSERT INTO Followers(followerId,followeeId,timeFollowed) VALUES (27,8,'2024-07-26 00:28:15');
INSERT INTO Followers(followerId,followeeId,timeFollowed) VALUES (13,13,'2023-12-04 07:17:24');
INSERT INTO Followers(followerId,followeeId,timeFollowed) VALUES (37,17,'2023-10-29 01:31:42');
INSERT INTO Followers(followerId,followeeId,timeFollowed) VALUES (14,10,'2023-09-14 06:53:01');
INSERT INTO Followers(followerId,followeeId,timeFollowed) VALUES (33,23,'2024-03-20 02:12:00');
INSERT INTO Followers(followerId,followeeId,timeFollowed) VALUES (7,40,'2024-06-22 23:44:42');
INSERT INTO Followers(followerId,followeeId,timeFollowed) VALUES (11,30,'2023-11-21 14:51:42');
INSERT INTO Followers(followerId,followeeId,timeFollowed) VALUES (26,32,'2024-01-12 14:27:20');
INSERT INTO Followers(followerId,followeeId,timeFollowed) VALUES (13,14,'2024-01-22 11:10:41');
INSERT INTO Followers(followerId,followeeId,timeFollowed) VALUES (6,32,'2024-02-15 23:46:16');
INSERT INTO Followers(followerId,followeeId,timeFollowed) VALUES (14,23,'2024-07-10 05:59:40');
INSERT INTO Followers(followerId,followeeId,timeFollowed) VALUES (27,21,'2023-11-21 05:21:00');
INSERT INTO Followers(followerId,followeeId,timeFollowed) VALUES (15,17,'2023-11-14 02:28:08');
INSERT INTO Followers(followerId,followeeId,timeFollowed) VALUES (32,20,'2024-03-23 04:21:49');
INSERT INTO Followers(followerId,followeeId,timeFollowed) VALUES (39,15,'2024-03-24 20:14:48');
INSERT INTO Followers(followerId,followeeId,timeFollowed) VALUES (40,29,'2024-02-04 11:48:26');
INSERT INTO Followers(followerId,followeeId,timeFollowed) VALUES (17,7,'2023-11-12 03:14:51');
INSERT INTO Followers(followerId,followeeId,timeFollowed) VALUES (8,19,'2024-03-21 07:13:21');
INSERT INTO Followers(followerId,followeeId,timeFollowed) VALUES (1,11,'2024-02-23 22:08:29');
INSERT INTO Followers(followerId,followeeId,timeFollowed) VALUES (33,21,'2024-07-30 18:17:04');
INSERT INTO Followers(followerId,followeeId,timeFollowed) VALUES (2,28,'2024-07-03 17:36:10');
INSERT INTO Followers(followerId,followeeId,timeFollowed) VALUES (3,31,'2023-08-18 23:21:49');
INSERT INTO Followers(followerId,followeeId,timeFollowed) VALUES (10,38,'2024-05-25 06:36:48');
INSERT INTO Followers(followerId,followeeId,timeFollowed) VALUES (9,26,'2023-08-20 18:52:47');
INSERT INTO Followers(followerId,followeeId,timeFollowed) VALUES (27,15,'2024-08-12 04:47:49');
INSERT INTO Followers(followerId,followeeId,timeFollowed) VALUES (38,28,'2024-06-28 04:11:45');
INSERT INTO Followers(followerId,followeeId,timeFollowed) VALUES (40,18,'2023-09-10 19:16:39');
INSERT INTO Followers(followerId,followeeId,timeFollowed) VALUES (32,9,'2023-08-31 22:37:40');
INSERT INTO Followers(followerId,followeeId,timeFollowed) VALUES (16,33,'2023-11-14 17:04:11');
INSERT INTO Followers(followerId,followeeId,timeFollowed) VALUES (7,28,'2024-05-25 17:13:00');
INSERT INTO Followers(followerId,followeeId,timeFollowed) VALUES (2,33,'2023-10-26 12:52:08');
INSERT INTO Followers(followerId,followeeId,timeFollowed) VALUES (21,12,'2023-11-26 11:18:21');
INSERT INTO Followers(followerId,followeeId,timeFollowed) VALUES (40,7,'2024-07-24 19:27:27');
INSERT INTO Followers(followerId,followeeId,timeFollowed) VALUES (1,40,'2024-04-24 02:09:07');
INSERT INTO Followers(followerId,followeeId,timeFollowed) VALUES (29,35,'2024-02-04 13:40:55');
INSERT INTO Followers(followerId,followeeId,timeFollowed) VALUES (25,8,'2023-09-28 03:54:53');
INSERT INTO Followers(followerId,followeeId,timeFollowed) VALUES (1,13,'2024-08-01 10:32:30');
INSERT INTO Followers(followerId,followeeId,timeFollowed) VALUES (17,3,'2024-04-21 04:59:45');
INSERT INTO Followers(followerId,followeeId,timeFollowed) VALUES (13,35,'2024-01-19 11:09:06');
INSERT INTO Followers(followerId,followeeId,timeFollowed) VALUES (22,36,'2024-08-01 16:06:32');
INSERT INTO Followers(followerId,followeeId,timeFollowed) VALUES (21,10,'2024-03-07 18:20:35');
INSERT INTO Followers(followerId,followeeId,timeFollowed) VALUES (20,26,'2023-10-12 14:24:25');
INSERT INTO Followers(followerId,followeeId,timeFollowed) VALUES (7,36,'2023-11-02 02:38:16');
INSERT INTO Followers(followerId,followeeId,timeFollowed) VALUES (4,1,'2023-12-06 03:50:26');
INSERT INTO Followers(followerId,followeeId,timeFollowed) VALUES (9,39,'2023-09-02 17:47:39');
INSERT INTO Followers(followerId,followeeId,timeFollowed) VALUES (37,11,'2024-01-07 21:19:20');
INSERT INTO Followers(followerId,followeeId,timeFollowed) VALUES (38,25,'2023-09-02 17:57:05');
INSERT INTO Followers(followerId,followeeId,timeFollowed) VALUES (23,16,'2024-05-18 15:58:32');
INSERT INTO Followers(followerId,followeeId,timeFollowed) VALUES (10,30,'2024-04-21 07:36:58');
INSERT INTO Followers(followerId,followeeId,timeFollowed) VALUES (21,31,'2023-08-28 04:06:47');
INSERT INTO Followers(followerId,followeeId,timeFollowed) VALUES (39,13,'2023-10-08 05:16:50');
INSERT INTO Followers(followerId,followeeId,timeFollowed) VALUES (40,9,'2023-11-11 02:38:15');
INSERT INTO Followers(followerId,followeeId,timeFollowed) VALUES (23,11,'2023-10-04 17:51:15');
INSERT INTO Followers(followerId,followeeId,timeFollowed) VALUES (15,10,'2024-01-24 10:27:05');
INSERT INTO Followers(followerId,followeeId,timeFollowed) VALUES (30,40,'2023-08-26 21:59:15');
INSERT INTO Followers(followerId,followeeId,timeFollowed) VALUES (34,16,'2024-02-17 20:48:23');
INSERT INTO Followers(followerId,followeeId,timeFollowed) VALUES (2,20,'2023-09-21 04:17:41');
INSERT INTO Followers(followerId,followeeId,timeFollowed) VALUES (25,12,'2024-05-28 17:00:35');
INSERT INTO Followers(followerId,followeeId,timeFollowed) VALUES (22,21,'2024-01-03 12:55:07');
INSERT INTO Followers(followerId,followeeId,timeFollowed) VALUES (9,25,'2023-12-28 03:09:05');
INSERT INTO Followers(followerId,followeeId,timeFollowed) VALUES (9,12,'2024-05-14 03:27:53');
INSERT INTO Followers(followerId,followeeId,timeFollowed) VALUES (11,17,'2023-09-07 23:03:21');
INSERT INTO Followers(followerId,followeeId,timeFollowed) VALUES (24,35,'2024-04-21 17:45:20');
INSERT INTO Followers(followerId,followeeId,timeFollowed) VALUES (25,24,'2024-04-01 03:26:30');
INSERT INTO Followers(followerId,followeeId,timeFollowed) VALUES (26,37,'2023-10-05 14:40:28');
INSERT INTO Followers(followerId,followeeId,timeFollowed) VALUES (1,29,'2024-07-30 17:20:56');
INSERT INTO Followers(followerId,followeeId,timeFollowed) VALUES (18,21,'2024-03-28 23:27:11');

-- Reviews

INSERT INTO Reviews(reviewId,rating,text,authorId,restId,photo,timePosted,updatedAt) VALUES (4,4.5,'Maecenas tristique, est et tempus semper, est quam pharetra magna, ac consequat metus sapien ut nunc. Vestibulum ante ipsum primis in faucibus orci luctus et ultrices posuere cubilia Curae; Mauris viverra diam vitae quam. Suspendisse potenti.',10,19,'http://dummyimage.com/137x191.png/5fa2dd/ffffff','2020-08-13 21:15:32','2024-03-16 08:57:32');
INSERT INTO Reviews(reviewId,rating,text,authorId,restId,photo,timePosted,updatedAt) VALUES (5,4.8,'Maecenas leo odio, condimentum id, luctus nec, molestie sed, justo. Pellentesque viverra pede ac diam. Cras pellentesque volutpat dui.

Maecenas tristique, est et tempus semper, est quam pharetra magna, ac consequat metus sapien ut nunc. Vestibulum ante ipsum primis in faucibus orci luctus et ultrices posuere cubilia Curae; Mauris viverra diam vitae quam. Suspendisse potenti.

Nullam porttitor lacus at turpis. Donec posuere metus vitae ipsum. Aliquam non mauris.',23,37,'http://dummyimage.com/239x215.png/dddddd/000000','2016-10-11 20:38:00','2021-01-06 13:30:48');
INSERT INTO Reviews(reviewId,rating,text,authorId,restId,photo,timePosted,updatedAt) VALUES (6,3.2,'Phasellus in felis. Donec semper sapien a libero. Nam dui.

Proin leo odio, porttitor id, consequat in, consequat ut, nulla. Sed accumsan felis. Ut at dolor quis odio consequat varius.',15,18,'http://dummyimage.com/154x244.png/5fa2dd/ffffff','2016-12-22 10:01:52','2021-11-08 22:25:11');
INSERT INTO Reviews(reviewId,rating,text,authorId,restId,photo,timePosted,updatedAt) VALUES (7,0.4,'In congue. Etiam justo. Etiam pretium iaculis justo.

In hac habitasse platea dictumst. Etiam faucibus cursus urna. Ut tellus.',35,28,'http://dummyimage.com/165x184.png/cc0000/ffffff','2018-05-29 19:20:05','2022-05-15 12:02:28');
INSERT INTO Reviews(reviewId,rating,text,authorId,restId,photo,timePosted,updatedAt) VALUES (8,0.5,'Proin eu mi. Nulla ac enim. In tempor, turpis nec euismod scelerisque, quam turpis adipiscing lorem, vitae mattis nibh ligula nec sem.

Duis aliquam convallis nunc. Proin at turpis a pede posuere nonummy. Integer non velit.

Donec diam neque, vestibulum eget, vulputate ut, ultrices vel, augue. Vestibulum ante ipsum primis in faucibus orci luctus et ultrices posuere cubilia Curae; Donec pharetra, magna vestibulum aliquet ultrices, erat tortor sollicitudin mi, sit amet lobortis sapien sapien non mi. Integer ac neque.',12,5,'http://dummyimage.com/227x164.png/ff4444/ffffff','2015-12-10 00:25:34','2024-05-08 11:27:18');
INSERT INTO Reviews(reviewId,rating,text,authorId,restId,photo,timePosted,updatedAt) VALUES (9,3.6,'Proin eu mi. Nulla ac enim. In tempor, turpis nec euismod scelerisque, quam turpis adipiscing lorem, vitae mattis nibh ligula nec sem.

Duis aliquam convallis nunc. Proin at turpis a pede posuere nonummy. Integer non velit.',16,33,'http://dummyimage.com/166x218.png/5fa2dd/ffffff','2018-07-14 15:33:25','2022-03-07 11:39:28');
INSERT INTO Reviews(reviewId,rating,text,authorId,restId,photo,timePosted,updatedAt) VALUES (10,1.9,'Quisque id justo sit amet sapien dignissim vestibulum. Vestibulum ante ipsum primis in faucibus orci luctus et ultrices posuere cubilia Curae; Nulla dapibus dolor vel est. Donec odio justo, sollicitudin ut, suscipit a, feugiat et, eros.

Vestibulum ac est lacinia nisi venenatis tristique. Fusce congue, diam id ornare imperdiet, sapien urna pretium nisl, ut volutpat sapien arcu sed augue. Aliquam erat volutpat.',24,37,'http://dummyimage.com/126x207.png/5fa2dd/ffffff','2019-05-29 06:05:00','2022-12-14 17:52:25');
INSERT INTO Reviews(reviewId,rating,text,authorId,restId,photo,timePosted,updatedAt) VALUES (11,2.1,'Proin interdum mauris non ligula pellentesque ultrices. Phasellus id sapien in sapien iaculis congue. Vivamus metus arcu, adipiscing molestie, hendrerit at, vulputate vitae, nisl.

Aenean lectus. Pellentesque eget nunc. Donec quis orci eget orci vehicula condimentum.',17,24,'http://dummyimage.com/202x139.png/cc0000/ffffff','2016-09-20 17:24:56','2023-08-14 02:58:52');
INSERT INTO Reviews(reviewId,rating,text,authorId,restId,photo,timePosted,updatedAt) VALUES (12,3.8,NULL,23,19,'http://dummyimage.com/178x194.png/5fa2dd/ffffff','2017-12-19 08:30:21','2024-04-06 22:00:53');
INSERT INTO Reviews(reviewId,rating,text,authorId,restId,photo,timePosted,updatedAt) VALUES (13,1.1,'Morbi porttitor lorem id ligula. Suspendisse ornare consequat lectus. In est risus, auctor sed, tristique in, tempus sit amet, sem.

Fusce consequat. Nulla nisl. Nunc nisl.

Duis bibendum, felis sed interdum venenatis, turpis enim blandit mi, in porttitor pede justo eu massa. Donec dapibus. Duis at velit eu est congue elementum.',36,21,'http://dummyimage.com/225x199.png/5fa2dd/ffffff','2015-12-22 03:13:44','2023-01-28 13:42:07');
INSERT INTO Reviews(reviewId,rating,text,authorId,restId,photo,timePosted,updatedAt) VALUES (14,3.3,'Duis consequat dui nec nisi volutpat eleifend. Donec ut dolor. Morbi vel lectus in quam fringilla rhoncus.',32,18,'http://dummyimage.com/186x198.png/5fa2dd/ffffff','2016-01-05 20:16:42','2024-03-17 10:20:51');
INSERT INTO Reviews(reviewId,rating,text,authorId,restId,photo,timePosted,updatedAt) VALUES (15,1.9,'In sagittis dui vel nisl. Duis ac nibh. Fusce lacus purus, aliquet at, feugiat non, pretium quis, lectus.

Suspendisse potenti. In eleifend quam a odio. In hac habitasse platea dictumst.

Maecenas ut massa quis augue luctus tincidunt. Nulla mollis molestie lorem. Quisque ut erat.',20,32,'http://dummyimage.com/123x159.png/dddddd/000000','2017-01-09 19:45:32','2024-07-25 00:06:15');
INSERT INTO Reviews(reviewId,rating,text,authorId,restId,photo,timePosted,updatedAt) VALUES (16,3.2,'Curabitur gravida nisi at nibh. In hac habitasse platea dictumst. Aliquam augue quam, sollicitudin vitae, consectetuer eget, rutrum at, lorem.

Integer tincidunt ante vel ipsum. Praesent blandit lacinia erat. Vestibulum sed magna at nunc commodo placerat.',27,14,'http://dummyimage.com/133x188.png/dddddd/000000','2014-08-16 23:27:51','2022-09-07 07:52:48');
INSERT INTO Reviews(reviewId,rating,text,authorId,restId,photo,timePosted,updatedAt) VALUES (17,2.8,'Vestibulum quam sapien, varius ut, blandit non, interdum in, ante. Vestibulum ante ipsum primis in faucibus orci luctus et ultrices posuere cubilia Curae; Duis faucibus accumsan odio. Curabitur convallis.

Duis consequat dui nec nisi volutpat eleifend. Donec ut dolor. Morbi vel lectus in quam fringilla rhoncus.

Mauris enim leo, rhoncus sed, vestibulum sit amet, cursus id, turpis. Integer aliquet, massa id lobortis convallis, tortor risus dapibus augue, vel accumsan tellus nisi eu orci. Mauris lacinia sapien quis libero.',15,20,'http://dummyimage.com/118x216.png/cc0000/ffffff','2019-06-27 18:01:57','2023-10-02 20:53:18');
INSERT INTO Reviews(reviewId,rating,text,authorId,restId,photo,timePosted,updatedAt) VALUES (18,1.1,NULL,15,39,NULL,'2020-07-15 22:42:24','2022-02-13 17:18:05');
INSERT INTO Reviews(reviewId,rating,text,authorId,restId,photo,timePosted,updatedAt) VALUES (19,4.1,'Proin leo odio, porttitor id, consequat in, consequat ut, nulla. Sed accumsan felis. Ut at dolor quis odio consequat varius.',3,22,'http://dummyimage.com/250x108.png/cc0000/ffffff','2014-08-25 16:59:17','2021-04-06 02:22:43');
INSERT INTO Reviews(reviewId,rating,text,authorId,restId,photo,timePosted,updatedAt) VALUES (20,3.3,'Proin interdum mauris non ligula pellentesque ultrices. Phasellus id sapien in sapien iaculis congue. Vivamus metus arcu, adipiscing molestie, hendrerit at, vulputate vitae, nisl.',34,2,'http://dummyimage.com/158x161.png/5fa2dd/ffffff','2016-05-03 16:08:24','2023-11-18 17:57:32');
INSERT INTO Reviews(reviewId,rating,text,authorId,restId,photo,timePosted,updatedAt) VALUES (21,2.3,NULL,27,8,'http://dummyimage.com/233x146.png/ff4444/ffffff','2019-07-22 15:14:56','2021-08-07 05:30:02');
INSERT INTO Reviews(reviewId,rating,text,authorId,restId,photo,timePosted,updatedAt) VALUES (22,1.0,'Curabitur at ipsum ac tellus semper interdum. Mauris ullamcorper purus sit amet nulla. Quisque arcu libero, rutrum ac, lobortis vel, dapibus at, diam.',36,8,'http://dummyimage.com/120x228.png/5fa2dd/ffffff','2017-01-20 19:14:06','2023-11-16 15:00:43');
INSERT INTO Reviews(reviewId,rating,text,authorId,restId,photo,timePosted,updatedAt) VALUES (23,4.5,'Suspendisse potenti. In eleifend quam a odio. In hac habitasse platea dictumst.

Maecenas ut massa quis augue luctus tincidunt. Nulla mollis molestie lorem. Quisque ut erat.

Curabitur gravida nisi at nibh. In hac habitasse platea dictumst. Aliquam augue quam, sollicitudin vitae, consectetuer eget, rutrum at, lorem.',22,2,'http://dummyimage.com/158x195.png/5fa2dd/ffffff','2017-06-25 10:25:00','2024-07-07 04:51:58');
INSERT INTO Reviews(reviewId,rating,text,authorId,restId,photo,timePosted,updatedAt) VALUES (24,2.2,NULL,16,6,'http://dummyimage.com/100x140.png/ff4444/ffffff','2015-08-18 22:57:12','2022-07-05 18:26:19');
INSERT INTO Reviews(reviewId,rating,text,authorId,restId,photo,timePosted,updatedAt) VALUES (25,0.8,NULL,26,2,'http://dummyimage.com/124x212.png/dddddd/000000','2020-07-23 12:56:07','2023-08-29 06:00:23');
INSERT INTO Reviews(reviewId,rating,text,authorId,restId,photo,timePosted,updatedAt) VALUES (26,4.0,'Nullam porttitor lacus at turpis. Donec posuere metus vitae ipsum. Aliquam non mauris.

Morbi non lectus. Aliquam sit amet diam in magna bibendum imperdiet. Nullam orci pede, venenatis non, sodales sed, tincidunt eu, felis.',27,21,'http://dummyimage.com/223x213.png/cc0000/ffffff','2017-03-30 22:25:36','2021-02-01 16:03:28');
INSERT INTO Reviews(reviewId,rating,text,authorId,restId,photo,timePosted,updatedAt) VALUES (27,3.4,'Proin interdum mauris non ligula pellentesque ultrices. Phasellus id sapien in sapien iaculis congue. Vivamus metus arcu, adipiscing molestie, hendrerit at, vulputate vitae, nisl.

Aenean lectus. Pellentesque eget nunc. Donec quis orci eget orci vehicula condimentum.

Curabitur in libero ut massa volutpat convallis. Morbi odio odio, elementum eu, interdum eu, tincidunt in, leo. Maecenas pulvinar lobortis est.',10,40,'http://dummyimage.com/181x140.png/ff4444/ffffff','2020-02-14 13:09:27','2021-07-24 10:15:00');
INSERT INTO Reviews(reviewId,rating,text,authorId,restId,photo,timePosted,updatedAt) VALUES (28,3.2,'Praesent id massa id nisl venenatis lacinia. Aenean sit amet justo. Morbi ut odio.

Cras mi pede, malesuada in, imperdiet et, commodo vulputate, justo. In blandit ultrices enim. Lorem ipsum dolor sit amet, consectetuer adipiscing elit.',8,13,NULL,'2020-01-28 05:35:25','2021-05-25 08:19:03');
INSERT INTO Reviews(reviewId,rating,text,authorId,restId,photo,timePosted,updatedAt) VALUES (29,3.3,'Phasellus in felis. Donec semper sapien a libero. Nam dui.

Proin leo odio, porttitor id, consequat in, consequat ut, nulla. Sed accumsan felis. Ut at dolor quis odio consequat varius.',8,21,'http://dummyimage.com/244x183.png/cc0000/ffffff','2018-02-27 08:44:34','2022-08-25 00:25:40');
INSERT INTO Reviews(reviewId,rating,text,authorId,restId,photo,timePosted,updatedAt) VALUES (30,0.5,'Maecenas tristique, est et tempus semper, est quam pharetra magna, ac consequat metus sapien ut nunc. Vestibulum ante ipsum primis in faucibus orci luctus et ultrices posuere cubilia Curae; Mauris viverra diam vitae quam. Suspendisse potenti.

Nullam porttitor lacus at turpis. Donec posuere metus vitae ipsum. Aliquam non mauris.',14,38,'http://dummyimage.com/160x153.png/5fa2dd/ffffff','2018-09-09 01:29:14','2023-10-04 15:47:39');
INSERT INTO Reviews(reviewId,rating,text,authorId,restId,photo,timePosted,updatedAt) VALUES (31,2.9,'In quis justo. Maecenas rhoncus aliquam lacus. Morbi quis tortor id nulla ultrices aliquet.

Maecenas leo odio, condimentum id, luctus nec, molestie sed, justo. Pellentesque viverra pede ac diam. Cras pellentesque volutpat dui.',11,39,'http://dummyimage.com/233x200.png/cc0000/ffffff','2019-09-24 10:23:03','2021-07-17 17:33:03');
INSERT INTO Reviews(reviewId,rating,text,authorId,restId,photo,timePosted,updatedAt) VALUES (32,3.0,NULL,16,11,'http://dummyimage.com/104x213.png/dddddd/000000','2016-06-05 12:30:50','2021-09-02 06:36:24');
INSERT INTO Reviews(reviewId,rating,text,authorId,restId,photo,timePosted,updatedAt) VALUES (33,4.8,'Aliquam quis turpis eget elit sodales scelerisque. Mauris sit amet eros. Suspendisse accumsan tortor quis turpis.

Sed ante. Vivamus tortor. Duis mattis egestas metus.

Aenean fermentum. Donec ut mauris eget massa tempor convallis. Nulla neque libero, convallis eget, eleifend luctus, ultricies eu, nibh.',5,39,'http://dummyimage.com/242x200.png/dddddd/000000','2020-10-08 05:53:57','2022-09-05 09:53:53');
INSERT INTO Reviews(reviewId,rating,text,authorId,restId,photo,timePosted,updatedAt) VALUES (34,0.5,'Duis bibendum, felis sed interdum venenatis, turpis enim blandit mi, in porttitor pede justo eu massa. Donec dapibus. Duis at velit eu est congue elementum.',23,16,'http://dummyimage.com/233x109.png/dddddd/000000','2018-10-02 02:32:29','2023-06-17 06:02:22');
INSERT INTO Reviews(reviewId,rating,text,authorId,restId,photo,timePosted,updatedAt) VALUES (35,1.7,'Phasellus in felis. Donec semper sapien a libero. Nam dui.

Proin leo odio, porttitor id, consequat in, consequat ut, nulla. Sed accumsan felis. Ut at dolor quis odio consequat varius.

Integer ac leo. Pellentesque ultrices mattis odio. Donec vitae nisi.',26,13,'http://dummyimage.com/126x197.png/ff4444/ffffff','2018-01-24 11:30:44','2021-03-29 05:23:11');
INSERT INTO Reviews(reviewId,rating,text,authorId,restId,photo,timePosted,updatedAt) VALUES (36,1.9,'Nullam porttitor lacus at turpis. Donec posuere metus vitae ipsum. Aliquam non mauris.

Morbi non lectus. Aliquam sit amet diam in magna bibendum imperdiet. Nullam orci pede, venenatis non, sodales sed, tincidunt eu, felis.

Fusce posuere felis sed lacus. Morbi sem mauris, laoreet ut, rhoncus aliquet, pulvinar sed, nisl. Nunc rhoncus dui vel sem.',22,24,'http://dummyimage.com/147x154.png/dddddd/000000','2014-11-05 19:54:54','2022-04-30 22:38:43');
INSERT INTO Reviews(reviewId,rating,text,authorId,restId,photo,timePosted,updatedAt) VALUES (37,3.4,'Vestibulum ac est lacinia nisi venenatis tristique. Fusce congue, diam id ornare imperdiet, sapien urna pretium nisl, ut volutpat sapien arcu sed augue. Aliquam erat volutpat.',27,20,'http://dummyimage.com/117x168.png/5fa2dd/ffffff','2020-01-18 00:36:52','2022-06-18 06:35:23');
INSERT INTO Reviews(reviewId,rating,text,authorId,restId,photo,timePosted,updatedAt) VALUES (38,4.7,'In hac habitasse platea dictumst. Etiam faucibus cursus urna. Ut tellus.

Nulla ut erat id mauris vulputate elementum. Nullam varius. Nulla facilisi.',31,30,NULL,'2018-09-01 02:12:42','2023-08-08 15:07:35');
INSERT INTO Reviews(reviewId,rating,text,authorId,restId,photo,timePosted,updatedAt) VALUES (39,4.2,'Curabitur at ipsum ac tellus semper interdum. Mauris ullamcorper purus sit amet nulla. Quisque arcu libero, rutrum ac, lobortis vel, dapibus at, diam.',20,14,'http://dummyimage.com/119x183.png/5fa2dd/ffffff','2018-02-19 07:27:51','2023-03-07 23:03:53');
INSERT INTO Reviews(reviewId,rating,text,authorId,restId,photo,timePosted,updatedAt) VALUES (40,1.6,'Phasellus in felis. Donec semper sapien a libero. Nam dui.

Proin leo odio, porttitor id, consequat in, consequat ut, nulla. Sed accumsan felis. Ut at dolor quis odio consequat varius.

Integer ac leo. Pellentesque ultrices mattis odio. Donec vitae nisi.',33,3,'http://dummyimage.com/226x162.png/dddddd/000000','2015-12-04 19:14:09','2022-06-10 02:57:35');

-- Hours
INSERT INTO Hours (restId, dayOfWeek, openTime, closeTime, lastUpdated) VALUES ('3', 'Wednesday', '6:22', '16:41', '2024-03-04 17:13:44');
INSERT INTO Hours (restId, dayOfWeek, openTime, closeTime, lastUpdated) VALUES ('4', 'Thursday', '9:02', '17:05', '2024-01-16 15:06:50');
INSERT INTO Hours (restId, dayOfWeek, openTime, closeTime, lastUpdated) VALUES ('5', 'Friday', '5:27', '17:57', '2024-01-19 12:13:56');
INSERT INTO Hours (restId, dayOfWeek, openTime, closeTime, lastUpdated) VALUES ('6', 'Saturday', '9:33', '21:46', '2024-08-10 00:17:24');
INSERT INTO Hours (restId, dayOfWeek, openTime, closeTime, lastUpdated) VALUES ('7', 'Sunday', '6:40', '15:10', '2024-01-10 20:39:47');
INSERT INTO Hours (restId, dayOfWeek, openTime, closeTime, lastUpdated) VALUES ('8', 'Monday', '9:35', '19:48', '2024-06-28 15:11:05');
INSERT INTO Hours (restId, dayOfWeek, openTime, closeTime, lastUpdated) VALUES ('9', 'Tuesday', '8:52', '19:52', '2024-04-29 19:12:15');
INSERT INTO Hours (restId, dayOfWeek, openTime, closeTime, lastUpdated) VALUES ('10', 'Wednesday', '9:53', '15:41', '2024-06-25 14:14:16');
INSERT INTO Hours (restId, dayOfWeek, openTime, closeTime, lastUpdated) VALUES ('11', 'Thursday', '8:34', '17:00', '2024-04-03 02:52:26');
INSERT INTO Hours (restId, dayOfWeek, openTime, closeTime, lastUpdated) VALUES ('12', 'Friday', '8:36', '16:52', '2024-06-27 02:09:17');
INSERT INTO Hours (restId, dayOfWeek, openTime, closeTime, lastUpdated) VALUES ('13', 'Saturday', '8:16', '18:10', '2024-02-26 08:42:41');
INSERT INTO Hours (restId, dayOfWeek, openTime, closeTime, lastUpdated) VALUES ('14', 'Sunday', '5:35', '20:10', '2024-02-21 11:42:58');
INSERT INTO Hours (restId, dayOfWeek, openTime, closeTime, lastUpdated) VALUES ('15', 'Monday', '9:17', '18:39', '2024-06-13 05:43:56');
INSERT INTO Hours (restId, dayOfWeek, openTime, closeTime, lastUpdated) VALUES ('16', 'Tuesday', '6:01', '20:30', '2024-05-16 21:29:06');
INSERT INTO Hours (restId, dayOfWeek, openTime, closeTime, lastUpdated) VALUES ('17', 'Wednesday', '5:11', '17:27', '2024-06-17 03:28:30');
INSERT INTO Hours (restId, dayOfWeek, openTime, closeTime, lastUpdated) VALUES ('18', 'Thursday', '7:13', '17:59', '2024-06-04 15:46:08');
INSERT INTO Hours (restId, dayOfWeek, openTime, closeTime, lastUpdated) VALUES ('19', 'Friday', '7:32', '19:33', '2024-03-13 17:35:32');
INSERT INTO Hours (restId, dayOfWeek, openTime, closeTime, lastUpdated) VALUES ('20', 'Saturday', '7:36', '21:32', '2024-02-24 17:03:39');
INSERT INTO Hours (restId, dayOfWeek, openTime, closeTime, lastUpdated) VALUES ('21', 'Sunday', '6:52', '18:28', '2024-03-30 11:58:35');
INSERT INTO Hours (restId, dayOfWeek, openTime, closeTime, lastUpdated) VALUES ('22', 'Monday', '8:01', '19:38', '2024-01-08 13:05:47');
INSERT INTO Hours (restId, dayOfWeek, openTime, closeTime, lastUpdated) VALUES ('23', 'Tuesday', '6:33', '21:11', '2024-05-11 03:27:46');
INSERT INTO Hours (restId, dayOfWeek, openTime, closeTime, lastUpdated) VALUES ('24', 'Wednesday', '7:04', '16:06', '2024-03-09 09:39:41');
INSERT INTO Hours (restId, dayOfWeek, openTime, closeTime, lastUpdated) VALUES ('25', 'Thursday', '9:14', '17:36', '2024-01-24 16:15:32');
INSERT INTO Hours (restId, dayOfWeek, openTime, closeTime, lastUpdated) VALUES ('26', 'Friday', '7:48', '19:45', '2024-03-16 15:35:51');
INSERT INTO Hours (restId, dayOfWeek, openTime, closeTime, lastUpdated) VALUES ('27', 'Saturday', '7:57', '16:14', '2024-03-18 01:36:02');
INSERT INTO Hours (restId, dayOfWeek, openTime, closeTime, lastUpdated) VALUES ('28', 'Sunday', '6:13', '18:11', '2024-03-28 19:04:03');
INSERT INTO Hours (restId, dayOfWeek, openTime, closeTime, lastUpdated) VALUES ('29', 'Monday', '9:25', '19:09', '2024-03-08 01:41:35');
INSERT INTO Hours (restId, dayOfWeek, openTime, closeTime, lastUpdated) VALUES ('30', 'Tuesday', '9:38', '15:39', '2024-03-16 13:54:32');
INSERT INTO Hours (restId, dayOfWeek, openTime, closeTime, lastUpdated) VALUES ('31', 'Wednesday', '7:50', '17:22', '2024-01-25 10:53:47');
INSERT INTO Hours (restId, dayOfWeek, openTime, closeTime, lastUpdated) VALUES ('32', 'Thursday', '9:39', '16:12', '2024-02-20 15:22:16');
INSERT INTO Hours (restId, dayOfWeek, openTime, closeTime, lastUpdated) VALUES ('33', 'Friday', '7:27', '17:52', '2024-07-04 15:46:57');
INSERT INTO Hours (restId, dayOfWeek, openTime, closeTime, lastUpdated) VALUES ('34', 'Saturday', '7:23', '21:24', '2024-07-25 08:37:32');
INSERT INTO Hours (restId, dayOfWeek, openTime, closeTime, lastUpdated) VALUES ('35', 'Sunday', '7:41', '15:33', '2024-05-01 01:04:56');
INSERT INTO Hours (restId, dayOfWeek, openTime, closeTime, lastUpdated) VALUES ('36', 'Monday', '8:38', '21:15', '2024-05-19 15:53:08');
INSERT INTO Hours (restId, dayOfWeek, openTime, closeTime, lastUpdated) VALUES ('37', 'Tuesday', '8:20', '19:35', '2024-04-24 08:50:26');
INSERT INTO Hours (restId, dayOfWeek, openTime, closeTime, lastUpdated) VALUES ('38', 'Wednesday', '9:33', '18:13', '2024-07-04 20:40:58');
INSERT INTO Hours (restId, dayOfWeek, openTime, closeTime, lastUpdated) VALUES ('39', 'Thursday', '7:50', '16:05', '2024-03-26 20:47:46');
INSERT INTO Hours (restId, dayOfWeek, openTime, closeTime, lastUpdated) VALUES ('40', 'Friday', '8:25', '21:45', '2024-05-24 13:55:36');

-- Tags

INSERT INTO Tags (tagId, tagName, createdAt) VALUES ('8', 'Synergized', '2024-07-03 02:35:23');
INSERT INTO Tags (tagId, tagName, createdAt) VALUES ('9', 'open architecture', '2024-04-05 16:03:20');
INSERT INTO Tags (tagId, tagName, createdAt) VALUES ('10', 'holistic', '2023-10-27 03:37:15');
INSERT INTO Tags (tagId, tagName, createdAt) VALUES ('11', 'transitional', '2024-02-11 19:26:50');
INSERT INTO Tags (tagId, tagName, createdAt) VALUES ('12', 'superstructure', '2023-09-02 19:33:21');
INSERT INTO Tags (tagId, tagName, createdAt) VALUES ('13', 'actuating', '2024-05-14 13:14:33');
INSERT INTO Tags (tagId, tagName, createdAt) VALUES ('14', 'open system', '2024-01-11 20:16:46');
INSERT INTO Tags (tagId, tagName, createdAt) VALUES ('15', 'Multi-layered', '2023-09-11 19:19:06');
INSERT INTO Tags (tagId, tagName, createdAt) VALUES ('16', 'Optional', '2023-12-12 14:56:24');
INSERT INTO Tags (tagId, tagName, createdAt) VALUES ('17', 'parallelism', '2023-08-13 12:12:15');
INSERT INTO Tags (tagId, tagName, createdAt) VALUES ('18', 'value-added', '2024-03-26 18:36:34');
INSERT INTO Tags (tagId, tagName, createdAt) VALUES ('19', 'Multi-lateral', '2024-01-13 21:43:02');
INSERT INTO Tags (tagId, tagName, createdAt) VALUES ('20', 'system engine', '2024-03-05 19:16:49');
INSERT INTO Tags (tagId, tagName, createdAt) VALUES ('21', 'Centralized', '2024-06-12 13:34:26');
INSERT INTO Tags (tagId, tagName, createdAt) VALUES ('22', 'executive', '2023-12-03 20:29:48');
INSERT INTO Tags (tagId, tagName, createdAt) VALUES ('23', '5th generation', '2024-04-18 02:44:29');
INSERT INTO Tags (tagId, tagName, createdAt) VALUES ('24', 'synergy', '2023-11-24 19:48:28');
INSERT INTO Tags (tagId, tagName, createdAt) VALUES ('25', 'Enterprise-wide', '2024-04-01 07:25:12');
INSERT INTO Tags (tagId, tagName, createdAt) VALUES ('26', 'Optimized', '2024-03-10 16:13:45');
INSERT INTO Tags (tagId, tagName, createdAt) VALUES ('27', 'Self-enabling', '2023-12-01 01:18:58');
INSERT INTO Tags (tagId, tagName, createdAt) VALUES ('28', 'initiative', '2024-01-04 05:59:01');
INSERT INTO Tags (tagId, tagName, createdAt) VALUES ('29', 'concept', '2023-12-04 12:15:56');
INSERT INTO Tags (tagId, tagName, createdAt) VALUES ('30', 'tangible', '2023-10-31 16:55:46');
INSERT INTO Tags (tagId, tagName, createdAt) VALUES ('31', 'Mandatory', '2024-05-25 23:38:41');
INSERT INTO Tags (tagId, tagName, createdAt) VALUES ('32', 'solution', '2024-01-30 15:02:12');
INSERT INTO Tags (tagId, tagName, createdAt) VALUES ('33', 'client-driven', '2024-07-08 00:58:29');
INSERT INTO Tags (tagId, tagName, createdAt) VALUES ('34', 'Korean', '2023-12-14 07:00:43');
INSERT INTO Tags (tagId, tagName, createdAt) VALUES ('35', 'global', '2024-08-09 05:08:51');
INSERT INTO Tags (tagId, tagName, createdAt) VALUES ('36', 'client-server', '2023-12-15 14:48:32');
INSERT INTO Tags (tagId, tagName, createdAt) VALUES ('37', 'Networked', '2024-05-07 19:50:29');
INSERT INTO Tags (tagId, tagName, createdAt) VALUES ('38', 'project', '2024-03-19 04:08:11');
INSERT INTO Tags (tagId, tagName, createdAt) VALUES ('39', 'Formal', '2023-09-25 20:50:45');
INSERT INTO Tags (tagId, tagName, createdAt) VALUES ('40', 'Balanced', '2024-08-12 10:59:08');

-- ReviewTags
INSERT INTO ReviewTags (tagId, reviewId) VALUES ('29', '33');
INSERT INTO ReviewTags (tagId, reviewId) VALUES ('17', '22');
INSERT INTO ReviewTags (tagId, reviewId) VALUES ('34', '27');
INSERT INTO ReviewTags (tagId, reviewId) VALUES ('27', '1');
INSERT INTO ReviewTags (tagId, reviewId) VALUES ('34', '3');
INSERT INTO ReviewTags (tagId, reviewId) VALUES ('20', '22');
INSERT INTO ReviewTags (tagId, reviewId) VALUES ('4', '37');
INSERT INTO ReviewTags (tagId, reviewId) VALUES ('16', '34');
INSERT INTO ReviewTags (tagId, reviewId) VALUES ('36', '7');
INSERT INTO ReviewTags (tagId, reviewId) VALUES ('5', '39');
INSERT INTO ReviewTags (tagId, reviewId) VALUES ('27', '6');
INSERT INTO ReviewTags (tagId, reviewId) VALUES ('40', '26');
INSERT INTO ReviewTags (tagId, reviewId) VALUES ('26', '5');
INSERT INTO ReviewTags (tagId, reviewId) VALUES ('21', '3');
INSERT INTO ReviewTags (tagId, reviewId) VALUES ('5', '12');
INSERT INTO ReviewTags (tagId, reviewId) VALUES ('6', '7');
INSERT INTO ReviewTags (tagId, reviewId) VALUES ('18', '38');
INSERT INTO ReviewTags (tagId, reviewId) VALUES ('3', '4');
INSERT INTO ReviewTags (tagId, reviewId) VALUES ('38', '18');
INSERT INTO ReviewTags (tagId, reviewId) VALUES ('7', '10');
INSERT INTO ReviewTags (tagId, reviewId) VALUES ('25', '24');
INSERT INTO ReviewTags (tagId, reviewId) VALUES ('29', '27');
INSERT INTO ReviewTags (tagId, reviewId) VALUES ('18', '19');
INSERT INTO ReviewTags (tagId, reviewId) VALUES ('30', '1');
INSERT INTO ReviewTags (tagId, reviewId) VALUES ('17', '35');
INSERT INTO ReviewTags (tagId, reviewId) VALUES ('16', '24');
INSERT INTO ReviewTags (tagId, reviewId) VALUES ('26', '16');
INSERT INTO ReviewTags (tagId, reviewId) VALUES ('27', '5');
INSERT INTO ReviewTags (tagId, reviewId) VALUES ('2', '7');
INSERT INTO ReviewTags (tagId, reviewId) VALUES ('39', '8');
INSERT INTO ReviewTags (tagId, reviewId) VALUES ('37', '28');
INSERT INTO ReviewTags (tagId, reviewId) VALUES ('38', '19');
INSERT INTO ReviewTags (tagId, reviewId) VALUES ('29', '16');
INSERT INTO ReviewTags (tagId, reviewId) VALUES ('25', '26');
INSERT INTO ReviewTags (tagId, reviewId) VALUES ('39', '29');
INSERT INTO ReviewTags (tagId, reviewId) VALUES ('18', '5');
INSERT INTO ReviewTags (tagId, reviewId) VALUES ('27', '18');
INSERT INTO ReviewTags (tagId, reviewId) VALUES ('15', '16');
INSERT INTO ReviewTags (tagId, reviewId) VALUES ('4', '39');
INSERT INTO ReviewTags (tagId, reviewId) VALUES ('31', '21');
INSERT INTO ReviewTags (tagId, reviewId) VALUES ('25', '35');
INSERT INTO ReviewTags (tagId, reviewId) VALUES ('37', '38');
INSERT INTO ReviewTags (tagId, reviewId) VALUES ('23', '34');
INSERT INTO ReviewTags (tagId, reviewId) VALUES ('26', '1');
INSERT INTO ReviewTags (tagId, reviewId) VALUES ('39', '18');
INSERT INTO ReviewTags (tagId, reviewId) VALUES ('26', '12');
INSERT INTO ReviewTags (tagId, reviewId) VALUES ('32', '22');
INSERT INTO ReviewTags (tagId, reviewId) VALUES ('29', '29');
INSERT INTO ReviewTags (tagId, reviewId) VALUES ('39', '13');
INSERT INTO ReviewTags (tagId, reviewId) VALUES ('7', '12');
INSERT INTO ReviewTags (tagId, reviewId) VALUES ('2', '39');
INSERT INTO ReviewTags (tagId, reviewId) VALUES ('30', '31');
INSERT INTO ReviewTags (tagId, reviewId) VALUES ('32', '25');
INSERT INTO ReviewTags (tagId, reviewId) VALUES ('18', '27');
INSERT INTO ReviewTags (tagId, reviewId) VALUES ('39', '39');
INSERT INTO ReviewTags (tagId, reviewId) VALUES ('33', '19');
INSERT INTO ReviewTags (tagId, reviewId) VALUES ('13', '1');
INSERT INTO ReviewTags (tagId, reviewId) VALUES ('16', '35');
INSERT INTO ReviewTags (tagId, reviewId) VALUES ('34', '23');
INSERT INTO ReviewTags (tagId, reviewId) VALUES ('36', '1');
INSERT INTO ReviewTags (tagId, reviewId) VALUES ('28', '17');
INSERT INTO ReviewTags (tagId, reviewId) VALUES ('21', '27');
INSERT INTO ReviewTags (tagId, reviewId) VALUES ('5', '15');
INSERT INTO ReviewTags (tagId, reviewId) VALUES ('33', '15');
INSERT INTO ReviewTags (tagId, reviewId) VALUES ('36', '17');
INSERT INTO ReviewTags (tagId, reviewId) VALUES ('7', '3');
INSERT INTO ReviewTags (tagId, reviewId) VALUES ('10', '27');
INSERT INTO ReviewTags (tagId, reviewId) VALUES ('25', '16');
INSERT INTO ReviewTags (tagId, reviewId) VALUES ('20', '38');
INSERT INTO ReviewTags (tagId, reviewId) VALUES ('14', '2');
INSERT INTO ReviewTags (tagId, reviewId) VALUES ('25', '11');
INSERT INTO ReviewTags (tagId, reviewId) VALUES ('26', '3');
INSERT INTO ReviewTags (tagId, reviewId) VALUES ('18', '28');
INSERT INTO ReviewTags (tagId, reviewId) VALUES ('25', '5');
INSERT INTO ReviewTags (tagId, reviewId) VALUES ('40', '7');
INSERT INTO ReviewTags (tagId, reviewId) VALUES ('3', '10');
INSERT INTO ReviewTags (tagId, reviewId) VALUES ('31', '19');
INSERT INTO ReviewTags (tagId, reviewId) VALUES ('1', '3');
INSERT INTO ReviewTags (tagId, reviewId) VALUES ('40', '5');
INSERT INTO ReviewTags (tagId, reviewId) VALUES ('7', '14');
INSERT INTO ReviewTags (tagId, reviewId) VALUES ('5', '1');
INSERT INTO ReviewTags (tagId, reviewId) VALUES ('22', '24');
INSERT INTO ReviewTags (tagId, reviewId) VALUES ('38', '34');
INSERT INTO ReviewTags (tagId, reviewId) VALUES ('4', '2');
INSERT INTO ReviewTags (tagId, reviewId) VALUES ('36', '27');
INSERT INTO ReviewTags (tagId, reviewId) VALUES ('3', '17');
INSERT INTO ReviewTags (tagId, reviewId) VALUES ('6', '14');
INSERT INTO ReviewTags (tagId, reviewId) VALUES ('36', '34');
INSERT INTO ReviewTags (tagId, reviewId) VALUES ('28', '30');
INSERT INTO ReviewTags (tagId, reviewId) VALUES ('40', '21');
INSERT INTO ReviewTags (tagId, reviewId) VALUES ('7', '21');
INSERT INTO ReviewTags (tagId, reviewId) VALUES ('11', '7');
INSERT INTO ReviewTags (tagId, reviewId) VALUES ('26', '18');
INSERT INTO ReviewTags (tagId, reviewId) VALUES ('19', '31');
INSERT INTO ReviewTags (tagId, reviewId) VALUES ('30', '30');
INSERT INTO ReviewTags (tagId, reviewId) VALUES ('2', '40');
INSERT INTO ReviewTags (tagId, reviewId) VALUES ('6', '38');
INSERT INTO ReviewTags (tagId, reviewId) VALUES ('7', '18');
INSERT INTO ReviewTags (tagId, reviewId) VALUES ('39', '37');
INSERT INTO ReviewTags (tagId, reviewId) VALUES ('14', '35');

-- RestaurantTags
INSERT INTO RestaurantTags (tagId, restId) VALUES ('40', '18');
INSERT INTO RestaurantTags (tagId, restId) VALUES ('28', '22');
INSERT INTO RestaurantTags (tagId, restId) VALUES ('38', '35');
INSERT INTO RestaurantTags (tagId, restId) VALUES ('12', '19');
INSERT INTO RestaurantTags (tagId, restId) VALUES ('38', '12');
INSERT INTO RestaurantTags (tagId, restId) VALUES ('24', '34');
INSERT INTO RestaurantTags (tagId, restId) VALUES ('14', '3');
INSERT INTO RestaurantTags (tagId, restId) VALUES ('18', '38');
INSERT INTO RestaurantTags (tagId, restId) VALUES ('27', '25');
INSERT INTO RestaurantTags (tagId, restId) VALUES ('34', '7');
INSERT INTO RestaurantTags (tagId, restId) VALUES ('23', '21');
INSERT INTO RestaurantTags (tagId, restId) VALUES ('32', '20');
INSERT INTO RestaurantTags (tagId, restId) VALUES ('31', '39');
INSERT INTO RestaurantTags (tagId, restId) VALUES ('40', '15');
INSERT INTO RestaurantTags (tagId, restId) VALUES ('1', '27');
INSERT INTO RestaurantTags (tagId, restId) VALUES ('31', '14');
INSERT INTO RestaurantTags (tagId, restId) VALUES ('5', '23');
INSERT INTO RestaurantTags (tagId, restId) VALUES ('26', '9');
INSERT INTO RestaurantTags (tagId, restId) VALUES ('10', '34');
INSERT INTO RestaurantTags (tagId, restId) VALUES ('21', '28');
INSERT INTO RestaurantTags (tagId, restId) VALUES ('29', '5');
INSERT INTO RestaurantTags (tagId, restId) VALUES ('27', '27');
INSERT INTO RestaurantTags (tagId, restId) VALUES ('39', '10');
INSERT INTO RestaurantTags (tagId, restId) VALUES ('19', '12');
INSERT INTO RestaurantTags (tagId, restId) VALUES ('4', '9');
INSERT INTO RestaurantTags (tagId, restId) VALUES ('32', '5');
INSERT INTO RestaurantTags (tagId, restId) VALUES ('12', '33');
INSERT INTO RestaurantTags (tagId, restId) VALUES ('3', '31');
INSERT INTO RestaurantTags (tagId, restId) VALUES ('7', '37');
INSERT INTO RestaurantTags (tagId, restId) VALUES ('31', '2');
INSERT INTO RestaurantTags (tagId, restId) VALUES ('12', '26');
INSERT INTO RestaurantTags (tagId, restId) VALUES ('5', '3');
INSERT INTO RestaurantTags (tagId, restId) VALUES ('7', '40');
INSERT INTO RestaurantTags (tagId, restId) VALUES ('10', '25');
INSERT INTO RestaurantTags (tagId, restId) VALUES ('13', '1');
INSERT INTO RestaurantTags (tagId, restId) VALUES ('18', '8');
INSERT INTO RestaurantTags (tagId, restId) VALUES ('9', '14');
INSERT INTO RestaurantTags (tagId, restId) VALUES ('5', '35');
INSERT INTO RestaurantTags (tagId, restId) VALUES ('13', '34');
INSERT INTO RestaurantTags (tagId, restId) VALUES ('39', '27');
INSERT INTO RestaurantTags (tagId, restId) VALUES ('16', '20');
INSERT INTO RestaurantTags (tagId, restId) VALUES ('26', '10');
INSERT INTO RestaurantTags (tagId, restId) VALUES ('34', '32');
INSERT INTO RestaurantTags (tagId, restId) VALUES ('39', '8');
INSERT INTO RestaurantTags (tagId, restId) VALUES ('19', '31');
INSERT INTO RestaurantTags (tagId, restId) VALUES ('5', '40');
INSERT INTO RestaurantTags (tagId, restId) VALUES ('37', '3');
INSERT INTO RestaurantTags (tagId, restId) VALUES ('20', '27');
INSERT INTO RestaurantTags (tagId, restId) VALUES ('37', '20');
INSERT INTO RestaurantTags (tagId, restId) VALUES ('27', '33');
INSERT INTO RestaurantTags (tagId, restId) VALUES ('34', '4');
INSERT INTO RestaurantTags (tagId, restId) VALUES ('39', '11');
INSERT INTO RestaurantTags (tagId, restId) VALUES ('26', '24');
INSERT INTO RestaurantTags (tagId, restId) VALUES ('29', '1');
INSERT INTO RestaurantTags (tagId, restId) VALUES ('16', '6');
INSERT INTO RestaurantTags (tagId, restId) VALUES ('28', '7');
INSERT INTO RestaurantTags (tagId, restId) VALUES ('32', '18');
INSERT INTO RestaurantTags (tagId, restId) VALUES ('32', '16');
INSERT INTO RestaurantTags (tagId, restId) VALUES ('16', '38');
INSERT INTO RestaurantTags (tagId, restId) VALUES ('35', '18');
INSERT INTO RestaurantTags (tagId, restId) VALUES ('9', '30');
INSERT INTO RestaurantTags (tagId, restId) VALUES ('6', '20');
INSERT INTO RestaurantTags (tagId, restId) VALUES ('26', '25');
INSERT INTO RestaurantTags (tagId, restId) VALUES ('19', '19');
INSERT INTO RestaurantTags (tagId, restId) VALUES ('20', '14');
INSERT INTO RestaurantTags (tagId, restId) VALUES ('12', '31');
INSERT INTO RestaurantTags (tagId, restId) VALUES ('18', '24');
INSERT INTO RestaurantTags (tagId, restId) VALUES ('38', '31');
INSERT INTO RestaurantTags (tagId, restId) VALUES ('21', '1');
INSERT INTO RestaurantTags (tagId, restId) VALUES ('2', '29');
INSERT INTO RestaurantTags (tagId, restId) VALUES ('33', '37');
INSERT INTO RestaurantTags (tagId, restId) VALUES ('40', '21');
INSERT INTO RestaurantTags (tagId, restId) VALUES ('33', '23');
INSERT INTO RestaurantTags (tagId, restId) VALUES ('34', '16');
INSERT INTO RestaurantTags (tagId, restId) VALUES ('21', '34');
INSERT INTO RestaurantTags (tagId, restId) VALUES ('24', '7');
INSERT INTO RestaurantTags (tagId, restId) VALUES ('38', '10');
INSERT INTO RestaurantTags (tagId, restId) VALUES ('13', '39');
INSERT INTO RestaurantTags (tagId, restId) VALUES ('38', '11');
INSERT INTO RestaurantTags (tagId, restId) VALUES ('7', '8');
INSERT INTO RestaurantTags (tagId, restId) VALUES ('10', '9');
INSERT INTO RestaurantTags (tagId, restId) VALUES ('23', '20');
INSERT INTO RestaurantTags (tagId, restId) VALUES ('33', '34');
INSERT INTO RestaurantTags (tagId, restId) VALUES ('17', '33');
INSERT INTO RestaurantTags (tagId, restId) VALUES ('13', '23');
INSERT INTO RestaurantTags (tagId, restId) VALUES ('36', '25');
INSERT INTO RestaurantTags (tagId, restId) VALUES ('21', '9');
INSERT INTO RestaurantTags (tagId, restId) VALUES ('18', '35');
INSERT INTO RestaurantTags (tagId, restId) VALUES ('31', '8');
INSERT INTO RestaurantTags (tagId, restId) VALUES ('20', '13');
INSERT INTO RestaurantTags (tagId, restId) VALUES ('25', '30');
INSERT INTO RestaurantTags (tagId, restId) VALUES ('12', '40');
INSERT INTO RestaurantTags (tagId, restId) VALUES ('36', '8');
INSERT INTO RestaurantTags (tagId, restId) VALUES ('30', '2');
INSERT INTO RestaurantTags (tagId, restId) VALUES ('26', '20');
INSERT INTO RestaurantTags (tagId, restId) VALUES ('20', '12');
INSERT INTO RestaurantTags (tagId, restId) VALUES ('13', '3');
INSERT INTO RestaurantTags (tagId, restId) VALUES ('12', '13');
INSERT INTO RestaurantTags (tagId, restId) VALUES ('10', '17');
INSERT INTO RestaurantTags (tagId, restId) VALUES ('29', '40');

-- ReviewViews
INSERT INTO ReviewViews(reviewId,viewerId,timeViewed) VALUES (16,14,'2021-11-02 22:11:39');
INSERT INTO ReviewViews(reviewId,viewerId,timeViewed) VALUES (25,37,'2022-07-22 04:41:23');
INSERT INTO ReviewViews(reviewId,viewerId,timeViewed) VALUES (17,38,'2020-12-07 15:48:53');
INSERT INTO ReviewViews(reviewId,viewerId,timeViewed) VALUES (7,5,'2021-02-28 09:59:51');
INSERT INTO ReviewViews(reviewId,viewerId,timeViewed) VALUES (24,33,'2023-07-25 20:17:15');
INSERT INTO ReviewViews(reviewId,viewerId,timeViewed) VALUES (27,7,'2021-06-25 14:09:59');
INSERT INTO ReviewViews(reviewId,viewerId,timeViewed) VALUES (2,29,'2023-06-28 08:16:22');
INSERT INTO ReviewViews(reviewId,viewerId,timeViewed) VALUES (21,15,'2024-02-27 18:27:25');
INSERT INTO ReviewViews(reviewId,viewerId,timeViewed) VALUES (34,2,'2021-06-14 05:45:21');
INSERT INTO ReviewViews(reviewId,viewerId,timeViewed) VALUES (9,16,'2024-07-17 23:11:18');
INSERT INTO ReviewViews(reviewId,viewerId,timeViewed) VALUES (31,36,'2023-10-15 06:09:30');
INSERT INTO ReviewViews(reviewId,viewerId,timeViewed) VALUES (12,13,'2023-06-19 17:52:23');
INSERT INTO ReviewViews(reviewId,viewerId,timeViewed) VALUES (17,31,'2022-10-13 00:45:05');
INSERT INTO ReviewViews(reviewId,viewerId,timeViewed) VALUES (18,19,'2021-07-13 23:51:27');
INSERT INTO ReviewViews(reviewId,viewerId,timeViewed) VALUES (16,13,'2020-09-05 12:45:00');
INSERT INTO ReviewViews(reviewId,viewerId,timeViewed) VALUES (6,28,'2022-12-11 22:31:18');
INSERT INTO ReviewViews(reviewId,viewerId,timeViewed) VALUES (37,34,'2022-11-30 20:58:41');
INSERT INTO ReviewViews(reviewId,viewerId,timeViewed) VALUES (28,8,'2022-04-16 06:39:02');
INSERT INTO ReviewViews(reviewId,viewerId,timeViewed) VALUES (13,5,'2022-04-14 05:18:06');
INSERT INTO ReviewViews(reviewId,viewerId,timeViewed) VALUES (2,6,'2020-11-27 13:23:43');
INSERT INTO ReviewViews(reviewId,viewerId,timeViewed) VALUES (33,26,'2020-12-02 17:40:42');
INSERT INTO ReviewViews(reviewId,viewerId,timeViewed) VALUES (5,5,'2022-08-07 11:28:03');
INSERT INTO ReviewViews(reviewId,viewerId,timeViewed) VALUES (18,6,'2023-08-20 04:34:29');
INSERT INTO ReviewViews(reviewId,viewerId,timeViewed) VALUES (24,7,'2021-05-10 08:34:35');
INSERT INTO ReviewViews(reviewId,viewerId,timeViewed) VALUES (1,25,'2021-05-18 07:40:26');
INSERT INTO ReviewViews(reviewId,viewerId,timeViewed) VALUES (30,11,'2022-12-14 08:41:46');
INSERT INTO ReviewViews(reviewId,viewerId,timeViewed) VALUES (36,34,'2021-02-21 09:24:33');
INSERT INTO ReviewViews(reviewId,viewerId,timeViewed) VALUES (1,1,'2020-08-28 06:33:38');
INSERT INTO ReviewViews(reviewId,viewerId,timeViewed) VALUES (33,12,'2024-01-18 21:02:25');
INSERT INTO ReviewViews(reviewId,viewerId,timeViewed) VALUES (7,32,'2020-12-23 21:56:05');
INSERT INTO ReviewViews(reviewId,viewerId,timeViewed) VALUES (25,5,'2021-07-06 12:53:31');
INSERT INTO ReviewViews(reviewId,viewerId,timeViewed) VALUES (23,3,'2021-11-05 07:11:13');
INSERT INTO ReviewViews(reviewId,viewerId,timeViewed) VALUES (28,6,'2022-04-14 14:31:59');
INSERT INTO ReviewViews(reviewId,viewerId,timeViewed) VALUES (11,6,'2021-12-27 05:08:14');
INSERT INTO ReviewViews(reviewId,viewerId,timeViewed) VALUES (6,28,'2024-02-11 23:56:14');
INSERT INTO ReviewViews(reviewId,viewerId,timeViewed) VALUES (30,37,'2023-07-12 21:47:44');
INSERT INTO ReviewViews(reviewId,viewerId,timeViewed) VALUES (12,4,'2023-03-26 01:23:37');
INSERT INTO ReviewViews(reviewId,viewerId,timeViewed) VALUES (31,30,'2021-02-05 17:30:05');
INSERT INTO ReviewViews(reviewId,viewerId,timeViewed) VALUES (26,11,'2021-06-28 08:10:29');
INSERT INTO ReviewViews(reviewId,viewerId,timeViewed) VALUES (3,19,'2023-05-03 12:35:46');
INSERT INTO ReviewViews(reviewId,viewerId,timeViewed) VALUES (30,8,'2024-04-10 19:49:05');
INSERT INTO ReviewViews(reviewId,viewerId,timeViewed) VALUES (23,15,'2024-03-09 11:03:35');
INSERT INTO ReviewViews(reviewId,viewerId,timeViewed) VALUES (13,2,'2023-08-20 20:33:36');
INSERT INTO ReviewViews(reviewId,viewerId,timeViewed) VALUES (34,35,'2022-06-24 15:47:55');
INSERT INTO ReviewViews(reviewId,viewerId,timeViewed) VALUES (16,21,'2021-02-28 10:29:09');
INSERT INTO ReviewViews(reviewId,viewerId,timeViewed) VALUES (16,22,'2021-12-15 22:30:59');
INSERT INTO ReviewViews(reviewId,viewerId,timeViewed) VALUES (5,20,'2021-10-15 10:42:46');
INSERT INTO ReviewViews(reviewId,viewerId,timeViewed) VALUES (17,38,'2022-07-17 14:33:16');
INSERT INTO ReviewViews(reviewId,viewerId,timeViewed) VALUES (28,17,'2021-01-11 11:17:04');
INSERT INTO ReviewViews(reviewId,viewerId,timeViewed) VALUES (4,12,'2023-12-04 04:59:41');
INSERT INTO ReviewViews(reviewId,viewerId,timeViewed) VALUES (37,11,'2020-10-26 18:27:03');
INSERT INTO ReviewViews(reviewId,viewerId,timeViewed) VALUES (38,31,'2024-06-28 16:20:19');
INSERT INTO ReviewViews(reviewId,viewerId,timeViewed) VALUES (9,37,'2020-11-15 19:41:38');
INSERT INTO ReviewViews(reviewId,viewerId,timeViewed) VALUES (28,30,'2021-12-07 09:42:56');
INSERT INTO ReviewViews(reviewId,viewerId,timeViewed) VALUES (8,23,'2023-05-24 05:40:51');
INSERT INTO ReviewViews(reviewId,viewerId,timeViewed) VALUES (14,11,'2022-06-07 05:34:39');
INSERT INTO ReviewViews(reviewId,viewerId,timeViewed) VALUES (34,5,'2021-02-04 04:12:00');
INSERT INTO ReviewViews(reviewId,viewerId,timeViewed) VALUES (39,28,'2021-11-28 12:44:27');
INSERT INTO ReviewViews(reviewId,viewerId,timeViewed) VALUES (31,30,'2020-11-10 04:46:04');
INSERT INTO ReviewViews(reviewId,viewerId,timeViewed) VALUES (33,33,'2022-12-21 20:20:33');
INSERT INTO ReviewViews(reviewId,viewerId,timeViewed) VALUES (40,16,'2022-09-12 16:19:35');
INSERT INTO ReviewViews(reviewId,viewerId,timeViewed) VALUES (17,30,'2024-05-26 09:21:08');
INSERT INTO ReviewViews(reviewId,viewerId,timeViewed) VALUES (19,1,'2022-12-12 18:41:31');
INSERT INTO ReviewViews(reviewId,viewerId,timeViewed) VALUES (31,16,'2021-01-07 22:44:50');
INSERT INTO ReviewViews(reviewId,viewerId,timeViewed) VALUES (19,24,'2021-06-15 14:49:47');
INSERT INTO ReviewViews(reviewId,viewerId,timeViewed) VALUES (4,33,'2023-04-24 11:24:28');
INSERT INTO ReviewViews(reviewId,viewerId,timeViewed) VALUES (14,36,'2022-11-14 20:07:52');
INSERT INTO ReviewViews(reviewId,viewerId,timeViewed) VALUES (12,19,'2020-12-28 09:30:14');
INSERT INTO ReviewViews(reviewId,viewerId,timeViewed) VALUES (18,16,'2023-07-22 11:40:39');
INSERT INTO ReviewViews(reviewId,viewerId,timeViewed) VALUES (16,33,'2023-11-22 05:02:21');
INSERT INTO ReviewViews(reviewId,viewerId,timeViewed) VALUES (37,39,'2021-09-27 21:06:26');
INSERT INTO ReviewViews(reviewId,viewerId,timeViewed) VALUES (5,37,'2024-01-26 10:54:39');
INSERT INTO ReviewViews(reviewId,viewerId,timeViewed) VALUES (29,13,'2024-02-06 10:56:10');
INSERT INTO ReviewViews(reviewId,viewerId,timeViewed) VALUES (1,2,'2023-11-22 15:09:01');
INSERT INTO ReviewViews(reviewId,viewerId,timeViewed) VALUES (11,25,'2022-12-17 10:49:04');
INSERT INTO ReviewViews(reviewId,viewerId,timeViewed) VALUES (10,25,'2022-05-13 16:10:21');
INSERT INTO ReviewViews(reviewId,viewerId,timeViewed) VALUES (18,5,'2022-04-07 06:50:42');
INSERT INTO ReviewViews(reviewId,viewerId,timeViewed) VALUES (26,20,'2024-01-09 21:15:01');
INSERT INTO ReviewViews(reviewId,viewerId,timeViewed) VALUES (21,17,'2024-01-08 21:45:40');
INSERT INTO ReviewViews(reviewId,viewerId,timeViewed) VALUES (8,3,'2024-01-24 00:13:59');
INSERT INTO ReviewViews(reviewId,viewerId,timeViewed) VALUES (14,34,'2020-10-06 06:12:43');
INSERT INTO ReviewViews(reviewId,viewerId,timeViewed) VALUES (38,30,'2024-07-05 02:10:28');
INSERT INTO ReviewViews(reviewId,viewerId,timeViewed) VALUES (12,33,'2024-03-10 12:33:55');
INSERT INTO ReviewViews(reviewId,viewerId,timeViewed) VALUES (4,23,'2021-02-12 22:13:53');
INSERT INTO ReviewViews(reviewId,viewerId,timeViewed) VALUES (33,28,'2022-08-06 11:32:44');
INSERT INTO ReviewViews(reviewId,viewerId,timeViewed) VALUES (19,5,'2021-09-12 07:45:45');
INSERT INTO ReviewViews(reviewId,viewerId,timeViewed) VALUES (17,25,'2021-08-28 23:35:43');
INSERT INTO ReviewViews(reviewId,viewerId,timeViewed) VALUES (38,1,'2022-05-19 21:52:38');
INSERT INTO ReviewViews(reviewId,viewerId,timeViewed) VALUES (4,31,'2024-02-12 18:08:50');
INSERT INTO ReviewViews(reviewId,viewerId,timeViewed) VALUES (13,14,'2022-06-16 01:35:53');
INSERT INTO ReviewViews(reviewId,viewerId,timeViewed) VALUES (11,22,'2023-11-15 20:13:19');
INSERT INTO ReviewViews(reviewId,viewerId,timeViewed) VALUES (16,33,'2021-12-18 22:55:24');
INSERT INTO ReviewViews(reviewId,viewerId,timeViewed) VALUES (1,21,'2023-07-22 09:18:41');
INSERT INTO ReviewViews(reviewId,viewerId,timeViewed) VALUES (17,39,'2021-05-22 04:51:34');
INSERT INTO ReviewViews(reviewId,viewerId,timeViewed) VALUES (1,6,'2023-02-01 08:51:26');
INSERT INTO ReviewViews(reviewId,viewerId,timeViewed) VALUES (12,32,'2023-12-17 21:31:21');
INSERT INTO ReviewViews(reviewId,viewerId,timeViewed) VALUES (23,20,'2022-07-19 01:20:20');
INSERT INTO ReviewViews(reviewId,viewerId,timeViewed) VALUES (36,19,'2024-02-25 10:42:13');
INSERT INTO ReviewViews(reviewId,viewerId,timeViewed) VALUES (25,11,'2022-11-18 04:04:29');
INSERT INTO ReviewViews(reviewId,viewerId,timeViewed) VALUES (10,23,'2021-09-10 15:20:17');


-- RestaurantProfileViews
INSERT INTO RestaurantProfileViews(restId,viewerId,timeViewed) VALUES (22,24,'2024-08-09 12:05:00');
INSERT INTO RestaurantProfileViews(restId,viewerId,timeViewed) VALUES (38,40,'2024-07-04 08:09:46');
INSERT INTO RestaurantProfileViews(restId,viewerId,timeViewed) VALUES (17,18,'2024-04-13 10:58:44');
INSERT INTO RestaurantProfileViews(restId,viewerId,timeViewed) VALUES (39,20,'2022-12-31 21:31:25');
INSERT INTO RestaurantProfileViews(restId,viewerId,timeViewed) VALUES (34,7,'2023-10-10 15:13:52');
INSERT INTO RestaurantProfileViews(restId,viewerId,timeViewed) VALUES (11,21,'2021-01-15 04:20:27');
INSERT INTO RestaurantProfileViews(restId,viewerId,timeViewed) VALUES (30,11,'2023-01-08 00:36:04');
INSERT INTO RestaurantProfileViews(restId,viewerId,timeViewed) VALUES (19,31,'2020-10-05 13:26:50');
INSERT INTO RestaurantProfileViews(restId,viewerId,timeViewed) VALUES (10,4,'2023-08-19 06:52:09');
INSERT INTO RestaurantProfileViews(restId,viewerId,timeViewed) VALUES (20,7,'2022-11-25 20:16:09');
INSERT INTO RestaurantProfileViews(restId,viewerId,timeViewed) VALUES (8,2,'2023-07-29 22:49:42');
INSERT INTO RestaurantProfileViews(restId,viewerId,timeViewed) VALUES (1,27,'2021-01-05 04:46:21');
INSERT INTO RestaurantProfileViews(restId,viewerId,timeViewed) VALUES (16,9,'2021-06-25 08:11:01');
INSERT INTO RestaurantProfileViews(restId,viewerId,timeViewed) VALUES (7,8,'2021-06-08 02:25:58');
INSERT INTO RestaurantProfileViews(restId,viewerId,timeViewed) VALUES (35,13,'2023-01-13 05:12:35');
INSERT INTO RestaurantProfileViews(restId,viewerId,timeViewed) VALUES (11,23,'2020-11-17 04:20:26');
INSERT INTO RestaurantProfileViews(restId,viewerId,timeViewed) VALUES (32,35,'2024-07-18 02:02:59');
INSERT INTO RestaurantProfileViews(restId,viewerId,timeViewed) VALUES (20,36,'2023-03-15 05:01:24');
INSERT INTO RestaurantProfileViews(restId,viewerId,timeViewed) VALUES (16,21,'2023-10-13 02:27:15');
INSERT INTO RestaurantProfileViews(restId,viewerId,timeViewed) VALUES (1,13,'2020-09-08 11:18:26');
INSERT INTO RestaurantProfileViews(restId,viewerId,timeViewed) VALUES (20,22,'2021-12-16 02:09:47');
INSERT INTO RestaurantProfileViews(restId,viewerId,timeViewed) VALUES (23,40,'2024-04-22 03:46:29');
INSERT INTO RestaurantProfileViews(restId,viewerId,timeViewed) VALUES (28,6,'2022-01-02 18:57:44');
INSERT INTO RestaurantProfileViews(restId,viewerId,timeViewed) VALUES (6,22,'2020-08-14 04:02:09');
INSERT INTO RestaurantProfileViews(restId,viewerId,timeViewed) VALUES (6,9,'2022-08-03 03:15:24');
INSERT INTO RestaurantProfileViews(restId,viewerId,timeViewed) VALUES (28,22,'2021-07-01 04:46:19');
INSERT INTO RestaurantProfileViews(restId,viewerId,timeViewed) VALUES (24,8,'2021-12-27 03:10:54');
INSERT INTO RestaurantProfileViews(restId,viewerId,timeViewed) VALUES (26,39,'2023-11-12 14:51:03');
INSERT INTO RestaurantProfileViews(restId,viewerId,timeViewed) VALUES (30,1,'2024-07-06 10:43:15');
INSERT INTO RestaurantProfileViews(restId,viewerId,timeViewed) VALUES (23,22,'2024-01-24 07:31:28');
INSERT INTO RestaurantProfileViews(restId,viewerId,timeViewed) VALUES (28,7,'2023-07-03 05:23:47');
INSERT INTO RestaurantProfileViews(restId,viewerId,timeViewed) VALUES (23,11,'2023-05-30 23:29:40');
INSERT INTO RestaurantProfileViews(restId,viewerId,timeViewed) VALUES (9,29,'2022-07-27 22:55:50');
INSERT INTO RestaurantProfileViews(restId,viewerId,timeViewed) VALUES (30,16,'2022-12-26 04:33:17');
INSERT INTO RestaurantProfileViews(restId,viewerId,timeViewed) VALUES (34,37,'2023-09-24 19:18:44');
INSERT INTO RestaurantProfileViews(restId,viewerId,timeViewed) VALUES (7,14,'2022-08-01 08:32:27');
INSERT INTO RestaurantProfileViews(restId,viewerId,timeViewed) VALUES (27,32,'2022-06-04 13:51:33');
INSERT INTO RestaurantProfileViews(restId,viewerId,timeViewed) VALUES (8,2,'2022-07-20 04:18:04');
INSERT INTO RestaurantProfileViews(restId,viewerId,timeViewed) VALUES (23,5,'2023-06-27 07:11:03');
INSERT INTO RestaurantProfileViews(restId,viewerId,timeViewed) VALUES (28,9,'2020-11-17 04:32:35');
INSERT INTO RestaurantProfileViews(restId,viewerId,timeViewed) VALUES (36,23,'2021-11-09 16:55:28');
INSERT INTO RestaurantProfileViews(restId,viewerId,timeViewed) VALUES (30,19,'2021-08-05 15:56:01');
INSERT INTO RestaurantProfileViews(restId,viewerId,timeViewed) VALUES (6,11,'2024-07-18 02:16:55');
INSERT INTO RestaurantProfileViews(restId,viewerId,timeViewed) VALUES (39,22,'2020-11-26 03:35:32');
INSERT INTO RestaurantProfileViews(restId,viewerId,timeViewed) VALUES (34,8,'2022-07-27 01:14:40');
INSERT INTO RestaurantProfileViews(restId,viewerId,timeViewed) VALUES (35,38,'2023-10-04 04:53:35');
INSERT INTO RestaurantProfileViews(restId,viewerId,timeViewed) VALUES (26,4,'2024-05-07 19:31:09');
INSERT INTO RestaurantProfileViews(restId,viewerId,timeViewed) VALUES (2,39,'2021-03-20 14:43:43');
INSERT INTO RestaurantProfileViews(restId,viewerId,timeViewed) VALUES (4,35,'2023-04-25 05:57:30');
INSERT INTO RestaurantProfileViews(restId,viewerId,timeViewed) VALUES (15,9,'2021-05-22 10:06:59');
INSERT INTO RestaurantProfileViews(restId,viewerId,timeViewed) VALUES (16,8,'2021-07-12 02:45:04');
INSERT INTO RestaurantProfileViews(restId,viewerId,timeViewed) VALUES (3,32,'2022-10-28 06:20:15');
INSERT INTO RestaurantProfileViews(restId,viewerId,timeViewed) VALUES (38,31,'2021-01-20 07:43:46');
INSERT INTO RestaurantProfileViews(restId,viewerId,timeViewed) VALUES (17,11,'2021-06-16 02:59:01');
INSERT INTO RestaurantProfileViews(restId,viewerId,timeViewed) VALUES (40,37,'2022-04-08 06:17:16');
INSERT INTO RestaurantProfileViews(restId,viewerId,timeViewed) VALUES (20,10,'2020-12-11 12:05:51');
INSERT INTO RestaurantProfileViews(restId,viewerId,timeViewed) VALUES (39,5,'2021-09-21 20:35:28');
INSERT INTO RestaurantProfileViews(restId,viewerId,timeViewed) VALUES (6,30,'2023-05-07 16:32:31');
INSERT INTO RestaurantProfileViews(restId,viewerId,timeViewed) VALUES (21,40,'2023-08-04 11:29:55');
INSERT INTO RestaurantProfileViews(restId,viewerId,timeViewed) VALUES (10,5,'2023-11-11 08:53:58');
INSERT INTO RestaurantProfileViews(restId,viewerId,timeViewed) VALUES (36,9,'2024-06-02 16:17:54');
INSERT INTO RestaurantProfileViews(restId,viewerId,timeViewed) VALUES (18,35,'2024-02-15 18:36:29');
INSERT INTO RestaurantProfileViews(restId,viewerId,timeViewed) VALUES (38,40,'2021-06-27 23:49:27');
INSERT INTO RestaurantProfileViews(restId,viewerId,timeViewed) VALUES (20,14,'2022-10-31 21:31:07');
INSERT INTO RestaurantProfileViews(restId,viewerId,timeViewed) VALUES (7,35,'2021-12-25 02:57:40');
INSERT INTO RestaurantProfileViews(restId,viewerId,timeViewed) VALUES (1,37,'2021-05-29 01:49:25');
INSERT INTO RestaurantProfileViews(restId,viewerId,timeViewed) VALUES (37,8,'2021-07-23 12:29:56');
INSERT INTO RestaurantProfileViews(restId,viewerId,timeViewed) VALUES (24,7,'2021-07-15 19:19:21');
INSERT INTO RestaurantProfileViews(restId,viewerId,timeViewed) VALUES (19,1,'2023-02-08 03:08:12');
INSERT INTO RestaurantProfileViews(restId,viewerId,timeViewed) VALUES (28,8,'2024-07-12 08:39:46');
INSERT INTO RestaurantProfileViews(restId,viewerId,timeViewed) VALUES (11,13,'2022-08-27 14:25:09');
INSERT INTO RestaurantProfileViews(restId,viewerId,timeViewed) VALUES (12,11,'2023-12-28 09:34:40');
INSERT INTO RestaurantProfileViews(restId,viewerId,timeViewed) VALUES (27,13,'2024-01-05 10:37:10');
INSERT INTO RestaurantProfileViews(restId,viewerId,timeViewed) VALUES (14,38,'2023-05-02 16:17:12');
INSERT INTO RestaurantProfileViews(restId,viewerId,timeViewed) VALUES (19,28,'2023-05-26 15:19:56');
INSERT INTO RestaurantProfileViews(restId,viewerId,timeViewed) VALUES (11,11,'2022-07-20 02:43:04');
INSERT INTO RestaurantProfileViews(restId,viewerId,timeViewed) VALUES (10,13,'2021-09-09 17:51:49');
INSERT INTO RestaurantProfileViews(restId,viewerId,timeViewed) VALUES (21,16,'2020-10-27 17:35:10');
INSERT INTO RestaurantProfileViews(restId,viewerId,timeViewed) VALUES (22,27,'2024-03-30 19:49:17');
INSERT INTO RestaurantProfileViews(restId,viewerId,timeViewed) VALUES (26,24,'2023-12-31 02:36:55');
INSERT INTO RestaurantProfileViews(restId,viewerId,timeViewed) VALUES (12,8,'2024-03-18 20:46:29');
INSERT INTO RestaurantProfileViews(restId,viewerId,timeViewed) VALUES (4,31,'2021-04-28 06:06:55');
INSERT INTO RestaurantProfileViews(restId,viewerId,timeViewed) VALUES (22,3,'2020-12-30 19:03:41');
INSERT INTO RestaurantProfileViews(restId,viewerId,timeViewed) VALUES (37,25,'2022-09-18 11:25:14');
INSERT INTO RestaurantProfileViews(restId,viewerId,timeViewed) VALUES (25,26,'2022-04-26 00:33:03');
INSERT INTO RestaurantProfileViews(restId,viewerId,timeViewed) VALUES (18,31,'2021-06-15 07:30:05');
INSERT INTO RestaurantProfileViews(restId,viewerId,timeViewed) VALUES (39,34,'2024-07-20 21:47:11');
INSERT INTO RestaurantProfileViews(restId,viewerId,timeViewed) VALUES (24,8,'2023-11-01 23:47:50');
INSERT INTO RestaurantProfileViews(restId,viewerId,timeViewed) VALUES (37,36,'2023-03-18 09:06:02');
INSERT INTO RestaurantProfileViews(restId,viewerId,timeViewed) VALUES (22,4,'2021-07-03 20:38:10');
INSERT INTO RestaurantProfileViews(restId,viewerId,timeViewed) VALUES (37,4,'2022-01-17 09:23:49');
INSERT INTO RestaurantProfileViews(restId,viewerId,timeViewed) VALUES (29,31,'2021-10-22 02:29:28');
INSERT INTO RestaurantProfileViews(restId,viewerId,timeViewed) VALUES (4,15,'2020-12-29 04:44:18');
INSERT INTO RestaurantProfileViews(restId,viewerId,timeViewed) VALUES (15,28,'2023-06-06 12:09:19');
INSERT INTO RestaurantProfileViews(restId,viewerId,timeViewed) VALUES (17,5,'2022-09-21 04:56:34');
INSERT INTO RestaurantProfileViews(restId,viewerId,timeViewed) VALUES (4,20,'2020-10-19 13:50:06');
INSERT INTO RestaurantProfileViews(restId,viewerId,timeViewed) VALUES (25,37,'2021-11-16 21:04:45');
INSERT INTO RestaurantProfileViews(restId,viewerId,timeViewed) VALUES (14,34,'2022-03-17 20:31:28');
INSERT INTO RestaurantProfileViews(restId,viewerId,timeViewed) VALUES (24,10,'2023-12-06 15:41:51');
INSERT INTO RestaurantProfileViews(restId,viewerId,timeViewed) VALUES (16,11,'2022-09-30 15:11:19');
