tagId,tagName,createdAt
1,matrices,2024-04-27 03:52:33
2,leading edge,2024-06-04 05:15:22
3,mobile,2023-09-19 11:26:48
4,Progressive,2024-02-29 20:36:56
5,fresh-thinking,2023-11-09 13:18:21
6,dynamic,2024-01-23 00:19:06
7,multi-tasking,2024-05-20 10:15:37
8,Synergized,2024-07-03 02:35:23
9,open architecture,2024-04-05 16:03:20
10,holistic,2023-10-27 03:37:15
11,transitional,2024-02-11 19:26:50
12,superstructure,2023-09-02 19:33:21
13,actuating,2024-05-14 13:14:33
14,open system,2024-01-11 20:16:46
15,Multi-layered,2023-09-11 19:19:06
16,Optional,2023-12-12 14:56:24
17,parallelism,2023-08-13 12:12:15
18,value-added,2024-03-26 18:36:34
19,Multi-lateral,2024-01-13 21:43:02
20,system engine,2024-03-05 19:16:49
21,Centralized,2024-06-12 13:34:26
22,executive,2023-12-03 20:29:48
23,5th generation,2024-04-18 02:44:29
24,synergy,2023-11-24 19:48:28
25,Enterprise-wide,2024-04-01 07:25:12
26,Optimized,2024-03-10 16:13:45
27,Self-enabling,2023-12-01 01:18:58
28,initiative,2024-01-04 05:59:01
29,concept,2023-12-04 12:15:56
30,tangible,2023-10-31 16:55:46
31,Mandatory,2024-05-25 23:38:41
32,solution,2024-01-30 15:02:12
33,client-driven,2024-07-08 00:58:29
34,Multi-layered,2023-12-14 07:00:43
35,global,2024-08-09 05:08:51
36,client-server,2023-12-15 14:48:32
37,Networked,2024-05-07 19:50:29
38,project,2024-03-19 04:08:11
39,Mandatory,2023-09-25 20:50:45
40,Balanced,2024-08-12 10:59:08
